/*
 Navicat Premium Data Transfer

 Source Server         : OPEN SERVER mysql 5.7
 Source Server Type    : MySQL
 Source Server Version : 50733
 Source Host           : localhost:3306
 Source Schema         : develop_plugin

 Target Server Type    : MySQL
 Target Server Version : 50733
 File Encoding         : 65001

 Date: 12/04/2023 16:18:40
*/

SET NAMES utf8mb4;
SET FOREIGN_KEY_CHECKS = 0;

-- ----------------------------
-- Table structure for content_object_blocks
-- ----------------------------
DROP TABLE IF EXISTS `content_object_blocks`;
CREATE TABLE `content_object_blocks`  (
  `id` bigint(20) UNSIGNED NOT NULL AUTO_INCREMENT,
  `content_object_id` bigint(20) UNSIGNED NOT NULL,
  `content_object_child_id` bigint(20) UNSIGNED NOT NULL,
  `created_at` timestamp(0) NULL DEFAULT NULL,
  `updated_at` timestamp(0) NULL DEFAULT NULL,
  PRIMARY KEY (`id`) USING BTREE,
  INDEX `content_object_blocks_content_object_id_foreign`(`content_object_id`) USING BTREE,
  INDEX `content_object_blocks_content_object_child_id_foreign`(`content_object_child_id`) USING BTREE,
  CONSTRAINT `content_object_blocks_content_object_child_id_foreign` FOREIGN KEY (`content_object_child_id`) REFERENCES `content_objects` (`id`) ON DELETE CASCADE ON UPDATE CASCADE,
  CONSTRAINT `content_object_blocks_content_object_id_foreign` FOREIGN KEY (`content_object_id`) REFERENCES `content_objects` (`id`) ON DELETE CASCADE ON UPDATE CASCADE
) ENGINE = InnoDB AUTO_INCREMENT = 29 CHARACTER SET = utf8mb4 COLLATE = utf8mb4_unicode_ci ROW_FORMAT = Dynamic;

-- ----------------------------
-- Records of content_object_blocks
-- ----------------------------
INSERT INTO `content_object_blocks` VALUES (7, 163, 175, NULL, NULL);
INSERT INTO `content_object_blocks` VALUES (8, 163, 176, NULL, NULL);
INSERT INTO `content_object_blocks` VALUES (10, 163, 180, NULL, NULL);
INSERT INTO `content_object_blocks` VALUES (12, 168, 180, NULL, NULL);
INSERT INTO `content_object_blocks` VALUES (13, 168, 175, NULL, NULL);
INSERT INTO `content_object_blocks` VALUES (14, 168, 176, NULL, NULL);
INSERT INTO `content_object_blocks` VALUES (16, 167, 175, NULL, NULL);
INSERT INTO `content_object_blocks` VALUES (17, 167, 176, NULL, NULL);
INSERT INTO `content_object_blocks` VALUES (18, 167, 180, NULL, NULL);
INSERT INTO `content_object_blocks` VALUES (19, 165, 180, NULL, NULL);
INSERT INTO `content_object_blocks` VALUES (20, 165, 176, NULL, NULL);
INSERT INTO `content_object_blocks` VALUES (22, 164, 181, NULL, NULL);
INSERT INTO `content_object_blocks` VALUES (23, 189, 190, NULL, NULL);
INSERT INTO `content_object_blocks` VALUES (25, 189, 181, NULL, NULL);
INSERT INTO `content_object_blocks` VALUES (28, 209, 204, NULL, NULL);

-- ----------------------------
-- Table structure for content_objects
-- ----------------------------
DROP TABLE IF EXISTS `content_objects`;
CREATE TABLE `content_objects`  (
  `id` bigint(20) UNSIGNED NOT NULL AUTO_INCREMENT,
  `name` varchar(255) CHARACTER SET utf8mb4 COLLATE utf8mb4_unicode_ci NOT NULL,
  `slug` varchar(255) CHARACTER SET utf8mb4 COLLATE utf8mb4_unicode_ci NOT NULL,
  `content` json NULL,
  `is_published` tinyint(1) NOT NULL DEFAULT 0,
  `sort` bigint(20) NOT NULL DEFAULT 0,
  `show_in_menu` tinyint(2) NULL DEFAULT 0,
  `content_object_id` bigint(255) NULL DEFAULT NULL,
  `layout_id` int(11) NULL DEFAULT NULL,
  `template_id` int(255) NULL DEFAULT NULL,
  `relation_view_id` int(255) NULL DEFAULT NULL,
  `sidebar_id` int(255) NULL DEFAULT NULL,
  `form_content_object_id` bigint(255) NULL DEFAULT 0,
  `user_id` int(255) NULL DEFAULT NULL,
  `created_at` timestamp(0) NULL DEFAULT NULL,
  `updated_at` timestamp(0) NULL DEFAULT NULL,
  PRIMARY KEY (`id`) USING BTREE
) ENGINE = InnoDB AUTO_INCREMENT = 210 CHARACTER SET = utf8mb4 COLLATE = utf8mb4_unicode_ci ROW_FORMAT = Dynamic;

-- ----------------------------
-- Records of content_objects
-- ----------------------------
INSERT INTO `content_objects` VALUES (7, 'Site Information', 'site-information', '[{\"objects_id\": \"31\"}]', 1, 15, 0, NULL, NULL, NULL, NULL, NULL, 0, NULL, '2023-03-17 13:47:38', '2023-04-06 12:21:14');
INSERT INTO `content_objects` VALUES (8, 'Top main slider', 'top-main-slider', '[{\"objects_id\": \"32\"}]', 1, 14, 0, 27, NULL, NULL, NULL, NULL, 0, NULL, '2023-03-17 15:04:15', '2023-03-18 11:06:53');
INSERT INTO `content_objects` VALUES (9, 'Top main slider 2', 'top-main-slider-2', '[{\"objects_id\": \"32\"}]', 1, 15, 0, 27, NULL, NULL, NULL, NULL, 0, NULL, '2023-03-17 15:20:47', '2023-03-18 11:06:53');
INSERT INTO `content_objects` VALUES (10, 'Top main slider 3', 'top-main-slider-3', '[{\"objects_id\": \"32\"}]', 1, 16, 0, 27, NULL, NULL, NULL, NULL, 0, NULL, '2023-03-17 15:22:58', '2023-03-18 11:06:45');
INSERT INTO `content_objects` VALUES (12, 'WE UNDERSTAND YOUR NEEDS ON CONSTRUCTION', 'we-understand-your-needs-on-construction', '[{\"objects_id\": \"33\"}]', 1, 12, 0, NULL, NULL, NULL, NULL, NULL, 0, NULL, '2023-03-17 16:07:39', '2023-04-06 12:21:14');
INSERT INTO `content_objects` VALUES (14, 'OUR VALUES', 'our-values', '[{\"objects_id\": \"34\"}]', 1, 13, 0, NULL, NULL, NULL, NULL, NULL, 0, NULL, '2023-03-18 09:00:27', '2023-04-06 12:21:14');
INSERT INTO `content_objects` VALUES (15, 'safety', 'safety', '[{\"objects_id\": \"34\"}]', 1, 6, 0, 14, NULL, NULL, NULL, NULL, 0, NULL, '2023-03-18 09:01:53', '2023-03-18 11:06:45');
INSERT INTO `content_objects` VALUES (16, 'Customer Service', 'customer-service', '[{\"objects_id\": \"34\"}]', 1, 4, 0, 14, NULL, NULL, NULL, NULL, 0, NULL, '2023-03-18 09:02:54', '2023-03-18 11:06:45');
INSERT INTO `content_objects` VALUES (17, 'integrity', 'integrity', '[{\"objects_id\": \"34\"}]', 1, 5, 0, 14, NULL, NULL, NULL, NULL, 0, NULL, '2023-03-18 09:03:33', '2023-03-18 11:06:45');
INSERT INTO `content_objects` VALUES (18, 'ABOUT US', 'about-us', '[{\"objects_id\": \"35\"}]', 1, 14, 0, NULL, NULL, NULL, NULL, NULL, 0, NULL, '2023-03-18 09:32:06', '2023-04-06 12:21:14');
INSERT INTO `content_objects` VALUES (23, 'WE\'VE REPUTION FOR EXCELLENCE', 'weve-repution-for-excellence', '[{\"objects_id\": \"34\"}]', 1, 8, 0, 18, NULL, NULL, NULL, NULL, 0, NULL, '2023-03-18 09:41:46', '2023-03-18 11:06:45');
INSERT INTO `content_objects` VALUES (24, 'We Build Partnerships', 'we-build-partnerships', '[{\"objects_id\": \"34\"}]', 1, 11, 0, 18, NULL, NULL, NULL, NULL, 0, NULL, '2023-03-18 09:43:43', '2023-03-18 11:06:45');
INSERT INTO `content_objects` VALUES (25, 'Guided by Commitment', 'guided-by-commitment', '[{\"objects_id\": \"34\"}]', 1, 10, 0, 18, NULL, NULL, NULL, NULL, 0, NULL, '2023-03-18 09:44:11', '2023-03-18 11:06:45');
INSERT INTO `content_objects` VALUES (26, 'A Team of Professionals', 'a-team-of-professionals', '[{\"objects_id\": \"34\"}]', 1, 9, 0, 18, NULL, NULL, NULL, NULL, 0, NULL, '2023-03-18 09:44:38', '2023-03-18 11:06:45');
INSERT INTO `content_objects` VALUES (27, 'slider 1', 'slider-1', '[{\"objects_id\": \"34\"}]', 1, 11, 0, NULL, NULL, NULL, NULL, NULL, 0, NULL, '2023-03-18 11:00:20', '2023-04-06 12:21:14');
INSERT INTO `content_objects` VALUES (28, 'Home page counter', 'home-page-counter', '[{\"objects_id\": \"36\"}]', 1, 7, 0, NULL, NULL, NULL, NULL, NULL, 0, NULL, '2023-03-18 11:18:14', '2023-04-06 12:21:14');
INSERT INTO `content_objects` VALUES (29, 'TOTAL PROJECTS', 'total-projects', '[{\"objects_id\": \"36\"}]', 1, 0, 0, 28, NULL, NULL, NULL, NULL, 0, NULL, '2023-03-18 11:19:03', '2023-03-18 11:19:03');
INSERT INTO `content_objects` VALUES (30, 'STAFF MEMBERS', 'staff-members', '[{\"objects_id\": \"36\"}]', 1, 0, 0, 28, NULL, NULL, NULL, NULL, 0, NULL, '2023-03-18 11:20:42', '2023-03-18 11:20:42');
INSERT INTO `content_objects` VALUES (31, 'HOURS OF WORK', 'hours-of-work', '[{\"objects_id\": \"36\"}]', 1, 0, 0, 28, NULL, NULL, NULL, NULL, 0, NULL, '2023-03-18 11:21:16', '2023-03-18 11:21:16');
INSERT INTO `content_objects` VALUES (32, 'COUNTRIES EXPERIENCE', 'countries-experience', '[{\"objects_id\": \"36\"}]', 1, 0, 0, 28, NULL, NULL, NULL, NULL, 0, NULL, '2023-03-18 11:21:59', '2023-03-18 11:21:59');
INSERT INTO `content_objects` VALUES (38, 'WHAT WE DO', 'what-we-do', '[{\"objects_id\": \"34\"}]', 1, 8, 0, NULL, NULL, NULL, NULL, NULL, 0, NULL, '2023-03-18 15:04:00', '2023-04-06 12:21:14');
INSERT INTO `content_objects` VALUES (39, 'HOME CONSTRUCTION', 'home-construction', '[{\"objects_id\": \"37\"}]', 1, 0, 0, 42, NULL, NULL, NULL, NULL, 0, NULL, '2023-03-18 15:13:12', '2023-03-18 15:19:03');
INSERT INTO `content_objects` VALUES (40, 'BUILDING REMODELS', 'building-remodels', '[{\"objects_id\": \"37\"}]', 1, 0, 0, 42, NULL, NULL, NULL, NULL, 0, NULL, '2023-03-18 15:15:52', '2023-03-18 15:18:56');
INSERT INTO `content_objects` VALUES (41, 'INTERIOR DESIGN', 'interior-design', '[{\"objects_id\": \"37\"}]', 1, 0, 0, 42, NULL, NULL, NULL, NULL, 0, NULL, '2023-03-18 15:16:55', '2023-03-18 15:18:49');
INSERT INTO `content_objects` VALUES (42, 'left column', 'left-column', '[{\"objects_id\": \"34\"}]', 1, 1, 0, 38, NULL, NULL, NULL, NULL, 0, NULL, '2023-03-18 15:18:31', '2023-03-18 15:44:07');
INSERT INTO `content_objects` VALUES (43, 'right column', 'right-column', '[{\"objects_id\": \"34\"}]', 1, 3, 0, 38, NULL, NULL, NULL, NULL, 0, NULL, '2023-03-18 15:19:40', '2023-03-18 15:43:54');
INSERT INTO `content_objects` VALUES (44, 'EXTERIOR DESIGN', 'exterior-design', '[{\"objects_id\": \"37\"}]', 1, 0, 0, 43, NULL, NULL, NULL, NULL, 0, NULL, '2023-03-18 15:20:00', '2023-03-18 15:20:00');
INSERT INTO `content_objects` VALUES (45, 'RENOVATION', 'renovation', '[{\"objects_id\": \"37\"}]', 1, 0, NULL, 43, NULL, NULL, NULL, NULL, 0, NULL, '2023-03-18 15:20:55', '2023-03-21 14:36:17');
INSERT INTO `content_objects` VALUES (46, 'SAFETY MANAGEMENT', 'safety-management', '[{\"objects_id\": \"37\"}]', 1, 0, 0, 43, NULL, NULL, NULL, NULL, 0, NULL, '2023-03-18 15:21:39', '2023-03-18 15:21:39');
INSERT INTO `content_objects` VALUES (47, 'center image', 'center-image', '[{\"objects_id\": \"36\"}]', 1, 2, 0, 38, NULL, NULL, NULL, NULL, 0, NULL, '2023-03-18 15:23:21', '2023-03-18 15:44:07');
INSERT INTO `content_objects` VALUES (49, 'test child 1', 'test-child-1', '[{\"objects_id\": \"34\"}]', 1, 0, 0, 48, NULL, NULL, NULL, NULL, 0, NULL, '2023-03-19 08:59:46', '2023-03-19 08:59:46');
INSERT INTO `content_objects` VALUES (50, 'test child 2', 'test-child-2', '[{\"objects_id\": \"34\"}]', 1, 0, 0, 48, NULL, NULL, NULL, NULL, 0, NULL, '2023-03-19 09:00:03', '2023-03-19 09:00:03');
INSERT INTO `content_objects` VALUES (52, 'WORK OF EXCELLENCE', 'work-of-excellence', '[{\"objects_id\": \"34\"}]', 1, 9, NULL, NULL, NULL, NULL, NULL, NULL, 0, NULL, '2023-03-19 09:30:03', '2023-04-06 12:21:14');
INSERT INTO `content_objects` VALUES (61, 'KALAS METRORAIL', 'kalas-metrorail', '[{\"objects_id\": \"36\"}, {\"objects_id\": \"39\"}]', 1, 5, 0, 52, NULL, NULL, NULL, NULL, 0, NULL, '2023-03-19 09:41:25', '2023-03-19 11:50:47');
INSERT INTO `content_objects` VALUES (62, 'CAPITAL TELTWAY BUILDING', 'capital-teltway-building', '[{\"objects_id\": \"36\"}, {\"objects_id\": \"39\"}]', 1, 1, 0, 52, NULL, NULL, NULL, NULL, 0, NULL, '2023-03-19 09:41:59', '2023-03-19 11:50:26');
INSERT INTO `content_objects` VALUES (63, 'TNT EAST FACILITY', 'tnt-east-facility2', '[{\"objects_id\": \"36\"}, {\"objects_id\": \"39\"}]', 1, 3, 0, 52, NULL, NULL, NULL, NULL, 0, NULL, '2023-03-19 09:42:56', '2023-03-19 11:50:42');
INSERT INTO `content_objects` VALUES (64, 'NARRIOT HEADQUARTERS', 'narriot-headquarters2', '[{\"objects_id\": \"36\"}, {\"objects_id\": \"39\"}]', 1, 4, 0, 52, NULL, NULL, NULL, NULL, 0, NULL, '2023-03-19 09:43:15', '2023-03-19 11:50:47');
INSERT INTO `content_objects` VALUES (66, 'ANCRAFT AVENUE HOUSE', 'ancraft-avenue-house', '[{\"objects_id\": \"36\"}, {\"objects_id\": \"39\"}]', 1, 6, 0, 52, NULL, NULL, NULL, NULL, 0, NULL, '2023-03-19 09:44:09', '2023-03-19 11:50:39');
INSERT INTO `content_objects` VALUES (68, 'GHUM TOUCH HOSPITAL', 'ghum-touch-hospital', '[{\"objects_id\": \"36\"}, {\"objects_id\": \"39\"}]', 1, 2, 0, 52, NULL, NULL, NULL, NULL, 0, NULL, '2023-03-19 09:44:59', '2023-03-19 11:50:39');
INSERT INTO `content_objects` VALUES (69, 'TESTIMONIALS & HAPPY CLIENTS', 'testimonials-happy-clients', '[{\"objects_id\": \"40\"}]', 1, 10, 0, NULL, NULL, NULL, NULL, NULL, 0, NULL, '2023-03-20 09:28:30', '2023-04-06 12:21:14');
INSERT INTO `content_objects` VALUES (70, 'TESTIMONIALS', 'testimonials', '[{\"objects_id\": \"40\"}]', 1, 0, 0, 69, NULL, NULL, NULL, NULL, 0, NULL, '2023-03-20 09:31:53', '2023-03-20 09:31:53');
INSERT INTO `content_objects` VALUES (71, 'HAPPY CLIENTS', 'happy-clients', '[{\"objects_id\": \"40\"}]', 1, 0, 0, 69, NULL, NULL, NULL, NULL, 0, NULL, '2023-03-20 09:32:15', '2023-03-20 09:38:03');
INSERT INTO `content_objects` VALUES (72, 'Gabriel Denis', 'gabriel-denis', '[{\"objects_id\": \"41\"}]', 1, 0, 0, 70, NULL, NULL, NULL, NULL, 0, NULL, '2023-03-20 09:33:04', '2023-03-20 09:33:04');
INSERT INTO `content_objects` VALUES (73, 'Weldon Cash', 'weldon-cash', '[{\"objects_id\": \"41\"}]', 1, 0, 0, 70, NULL, NULL, NULL, NULL, 0, NULL, '2023-03-20 09:33:23', '2023-03-20 09:33:23');
INSERT INTO `content_objects` VALUES (74, 'Minter Puchan', 'minter-puchan', '[{\"objects_id\": \"41\"}]', 1, 0, 0, 70, NULL, NULL, NULL, NULL, 0, NULL, '2023-03-20 09:33:42', '2023-03-20 09:33:42');
INSERT INTO `content_objects` VALUES (75, 'techno line', 'techno-line', '[{\"objects_id\": \"37\"}]', 1, 0, 0, 71, NULL, NULL, NULL, NULL, 0, NULL, '2023-03-20 09:39:57', '2023-03-20 09:40:34');
INSERT INTO `content_objects` VALUES (76, 'montorin', 'montorin', '[{\"objects_id\": \"37\"}]', 1, 0, 0, 71, NULL, NULL, NULL, NULL, 0, NULL, '2023-03-20 09:41:51', '2023-03-20 09:41:51');
INSERT INTO `content_objects` VALUES (77, 'arrow market', 'arrow-market', '[{\"objects_id\": \"37\"}]', 1, 0, 0, 71, NULL, NULL, NULL, NULL, 0, NULL, '2023-03-20 09:42:08', '2023-03-20 09:42:08');
INSERT INTO `content_objects` VALUES (78, 'sontara', 'sontara', '[{\"objects_id\": \"37\"}]', 1, 0, 0, 71, NULL, NULL, NULL, NULL, 0, NULL, '2023-03-20 09:42:19', '2023-03-20 09:42:19');
INSERT INTO `content_objects` VALUES (79, 'altra technology', 'altra-technology', '[{\"objects_id\": \"37\"}]', 1, 0, 0, 71, NULL, NULL, NULL, NULL, 0, NULL, '2023-03-20 09:42:34', '2023-03-20 09:42:34');
INSERT INTO `content_objects` VALUES (80, 'maxingraphic', 'maxingraphic', '[{\"objects_id\": \"37\"}]', 1, 0, 0, 71, NULL, NULL, NULL, NULL, 0, NULL, '2023-03-20 09:43:55', '2023-03-20 09:43:55');
INSERT INTO `content_objects` VALUES (82, 'Projects', 'projects', '[{\"objects_id\": \"40\"}]', 1, 2, 1, NULL, NULL, 1, NULL, 2, 0, NULL, '2023-03-20 10:46:55', '2023-04-06 12:21:33');
INSERT INTO `content_objects` VALUES (83, 'We Just Completes $17.6 Million Medical Clinic In Mid-Missouri', 'we-just-completes-176-million-medical-clinic-in-mid-missouri', '[{\"objects_id\": \"41\"}]', 1, 1, 1, 82, NULL, 1, NULL, NULL, 0, NULL, '2023-03-20 10:54:48', '2023-03-30 12:16:38');
INSERT INTO `content_objects` VALUES (84, 'Thandler Airport Water Reclamation Facility Expansion Project Named', 'thandler-airport-water-reclamation-facility-expansion-project-named', '[{\"objects_id\": \"41\"}]', 1, 2, 1, 82, NULL, 1, NULL, 3, 0, NULL, '2023-03-20 10:55:12', '2023-03-29 13:34:36');
INSERT INTO `content_objects` VALUES (85, 'Silicon Bench And Cornike Begin Construction Of Large-Scale Solar Facilities For Trade', 'silicon-bench-and-cornike-begin-construction-of-large-scale-solar-facilities-for-trade', '[{\"objects_id\": \"41\"}]', 1, 3, 1, 82, NULL, 1, NULL, NULL, 0, NULL, '2023-02-01 10:55:31', '2023-03-20 16:42:27');
INSERT INTO `content_objects` VALUES (87, 'child 1', 'child-1', '[{\"objects_id\": \"34\"}]', 1, 0, 1, 86, NULL, NULL, NULL, NULL, 0, NULL, '2023-03-20 12:00:48', '2023-03-20 13:03:25');
INSERT INTO `content_objects` VALUES (88, 'child 2', 'child-2', '[{\"objects_id\": \"34\"}]', 1, 0, 1, 86, NULL, NULL, NULL, NULL, 0, NULL, '2023-03-20 12:01:01', '2023-03-20 13:03:51');
INSERT INTO `content_objects` VALUES (89, 'child 3', 'child-3', '[{\"objects_id\": \"34\"}]', 1, 0, 1, 86, NULL, NULL, NULL, NULL, 0, NULL, '2023-03-20 12:01:29', '2023-03-20 13:04:09');
INSERT INTO `content_objects` VALUES (90, 'sub child', 'sub-child', '[{\"objects_id\": \"34\"}]', 1, 0, 1, 87, NULL, NULL, NULL, NULL, 0, NULL, '2023-03-20 12:03:51', '2023-03-20 13:03:36');
INSERT INTO `content_objects` VALUES (93, 'ch 1', 'ch-1', '[{\"objects_id\": \"34\"}]', 1, 0, 1, 92, NULL, NULL, NULL, NULL, 0, NULL, '2023-03-20 13:19:41', '2023-03-20 13:19:41');
INSERT INTO `content_objects` VALUES (94, 'ch 1 sub', 'ch-1-sub', '[{\"objects_id\": \"34\"}]', 1, 0, 1, 93, NULL, NULL, NULL, NULL, 0, NULL, '2023-03-20 13:20:11', '2023-03-20 13:20:11');
INSERT INTO `content_objects` VALUES (95, 'ch 1 sub sub', 'ch-1-sub-sub', '[{\"objects_id\": \"34\"}]', 1, 0, 1, 94, NULL, NULL, NULL, NULL, 0, NULL, '2023-03-20 13:20:36', '2023-03-20 13:22:31');
INSERT INTO `content_objects` VALUES (98, 'test template ch', 'test-template-ch', '[{\"objects_id\": \"34\"}]', 1, 0, 1, 97, NULL, 2, NULL, NULL, 0, NULL, '2023-03-20 17:35:17', '2023-03-20 17:37:07');
INSERT INTO `content_objects` VALUES (99, 'test template 2', 'test-template-2', '[{\"objects_id\": \"34\"}]', 1, 0, 1, 97, NULL, 2, NULL, NULL, 0, NULL, '2023-03-20 17:37:39', '2023-03-20 17:38:00');
INSERT INTO `content_objects` VALUES (100, 'ch 3', 'ch-3', '[{\"objects_id\": \"34\"}]', 1, 0, 1, 97, NULL, 2, NULL, NULL, 0, NULL, '2023-03-20 17:38:50', '2023-03-20 17:39:15');
INSERT INTO `content_objects` VALUES (101, 'ch 33', 'ch-33', '[{\"objects_id\": \"34\"}]', 1, 0, 1, 97, NULL, 2, NULL, NULL, 0, NULL, '2023-03-20 17:40:23', '2023-03-20 17:41:07');
INSERT INTO `content_objects` VALUES (116, 'ch sub', 'ch-sub', '[{\"objects_id\": \"34\"}]', 1, 0, 1, 103, NULL, 1, NULL, NULL, 0, NULL, '2023-03-21 12:00:21', '2023-03-21 12:01:02');
INSERT INTO `content_objects` VALUES (119, 'ch sub-Copy', 'ch-sub-copy', '[{\"objects_id\": \"34\"}]', 1, 0, 1, 103, NULL, 1, NULL, NULL, 0, NULL, '2023-03-21 12:04:49', '2023-03-21 12:04:49');
INSERT INTO `content_objects` VALUES (125, 'ch sub-Copy', 'ch-sub-copy', '[{\"objects_id\": \"34\"}]', 1, 0, 1, 124, NULL, 1, NULL, NULL, 0, NULL, '2023-03-21 12:11:45', '2023-03-21 12:11:45');
INSERT INTO `content_objects` VALUES (126, 'ch sub-Copy-Copy', 'ch-sub-copy-copy', '[{\"objects_id\": \"34\"}]', 1, 0, 1, 124, NULL, 1, NULL, NULL, 0, NULL, '2023-03-21 12:11:45', '2023-03-21 12:11:45');
INSERT INTO `content_objects` VALUES (128, 'ch 1-Copy', 'ch-12-copy', '[{\"objects_id\": \"34\"}]', 1, 0, 1, 127, NULL, 1, NULL, NULL, 0, NULL, '2023-03-21 12:12:39', '2023-03-21 12:12:39');
INSERT INTO `content_objects` VALUES (129, 'ch 1-Copy', 'ch-12-copy', '[{\"objects_id\": \"34\"}]', 1, 0, 1, 127, NULL, 1, NULL, NULL, 0, NULL, '2023-03-21 12:12:39', '2023-03-21 12:12:39');
INSERT INTO `content_objects` VALUES (131, 'ch 1-Copy-Copy', 'ch-12-copy-Copy', '[{\"objects_id\": \"34\"}]', 1, 0, 1, 130, NULL, 1, NULL, NULL, 0, NULL, '2023-03-21 12:13:51', '2023-03-21 12:13:51');
INSERT INTO `content_objects` VALUES (132, 'ch 1-Copy-Copy', 'ch-12-copy-Copy', '[{\"objects_id\": \"34\"}]', 1, 0, 1, 130, NULL, 1, NULL, NULL, 0, NULL, '2023-03-21 12:13:51', '2023-03-21 12:13:51');
INSERT INTO `content_objects` VALUES (134, 'ch 1-Copy-Copy', 'ch-12-copy-Copy', '[{\"objects_id\": \"34\"}]', 1, 0, 1, 133, NULL, 1, NULL, NULL, 0, NULL, '2023-03-21 12:14:36', '2023-03-21 12:14:36');
INSERT INTO `content_objects` VALUES (135, 'ch 1-Copy-Copy', 'ch-12-copy-Copy', '[{\"objects_id\": \"34\"}]', 1, 0, 1, 133, NULL, 1, NULL, NULL, 0, NULL, '2023-03-21 12:14:36', '2023-03-21 12:14:36');
INSERT INTO `content_objects` VALUES (137, 'ch 1-Copy-Copy', 'ch-12-copy-Copy', '[{\"objects_id\": \"34\"}]', 1, 0, 1, 136, NULL, 1, NULL, NULL, 0, NULL, '2023-03-21 12:17:23', '2023-03-21 12:17:23');
INSERT INTO `content_objects` VALUES (138, 'ch 1-Copy-Copy', 'ch-12-copy-Copy', '[{\"objects_id\": \"34\"}]', 1, 0, 1, 136, NULL, 1, NULL, NULL, 0, NULL, '2023-03-21 12:17:23', '2023-03-21 12:17:23');
INSERT INTO `content_objects` VALUES (140, 'ch 1-Copy-Copy', 'ch-12-copy-Copy', '[{\"objects_id\": \"34\"}]', 1, 0, 1, 139, NULL, 1, NULL, NULL, 0, NULL, '2023-03-21 12:24:40', '2023-03-21 12:24:40');
INSERT INTO `content_objects` VALUES (141, 'ch 1-Copy-Copy', 'ch-12-copy-Copy', '[{\"objects_id\": \"34\"}]', 1, 0, 1, 139, NULL, 1, NULL, NULL, 0, NULL, '2023-03-21 12:24:40', '2023-03-21 12:24:40');
INSERT INTO `content_objects` VALUES (143, 'ch 1-Copy-Copy', 'ch-12-copy-Copy', '[{\"objects_id\": \"34\"}]', 1, 0, 1, 142, NULL, 1, NULL, NULL, 0, NULL, '2023-03-21 12:26:07', '2023-03-21 12:26:07');
INSERT INTO `content_objects` VALUES (144, 'ch 1-Copy-Copy', 'ch-12-copy-Copy', '[{\"objects_id\": \"34\"}]', 1, 0, 1, 142, NULL, 1, NULL, NULL, 0, NULL, '2023-03-21 12:26:07', '2023-03-21 12:26:07');
INSERT INTO `content_objects` VALUES (145, 'ch 1-Copy-Copy-Copy', 'ch-12-copy-Copy-copy', '[{\"objects_id\": \"34\"}]', 1, 0, 1, 142, NULL, 1, NULL, NULL, 0, NULL, '2023-03-21 12:26:42', '2023-03-21 12:26:42');
INSERT INTO `content_objects` VALUES (147, 'test for clone-Copy-Copy', 'test-for-clone-copy-Copy', '[{\"objects_id\": \"34\"}]', 1, 0, 1, 146, NULL, 1, NULL, NULL, 0, NULL, '2023-03-21 12:27:52', '2023-03-21 12:27:52');
INSERT INTO `content_objects` VALUES (148, 'test for clone-Copy-Copy', 'test-for-clone-copy-Copy', '[{\"objects_id\": \"34\"}]', 1, 0, 1, 146, NULL, 1, NULL, NULL, 0, NULL, '2023-03-21 12:27:52', '2023-03-21 12:27:52');
INSERT INTO `content_objects` VALUES (150, 'test for clone-Copy-Copy', 'test-for-clone-copy-Copy', '[{\"objects_id\": \"34\"}]', 1, 0, 1, 149, NULL, 1, NULL, NULL, 0, NULL, '2023-03-21 12:28:13', '2023-03-21 12:28:13');
INSERT INTO `content_objects` VALUES (151, 'test for clone-Copy-Copy', 'test-for-clone-copy-Copy', '[{\"objects_id\": \"34\"}]', 1, 0, 1, 149, NULL, 1, NULL, NULL, 0, NULL, '2023-03-21 12:28:13', '2023-03-21 12:28:13');
INSERT INTO `content_objects` VALUES (153, 'test for clone-Copy-Copy', 'test-for-clone-copy-Copy', '[{\"objects_id\": \"34\"}]', 1, 0, 1, 152, NULL, 1, NULL, NULL, 0, NULL, '2023-03-21 12:29:03', '2023-03-21 12:29:03');
INSERT INTO `content_objects` VALUES (157, 'ch 1', 'ch-12', '[{\"objects_id\": \"34\"}]', 1, 0, 1, 156, NULL, NULL, NULL, NULL, 0, NULL, '2023-03-21 13:08:54', '2023-03-21 13:09:10');
INSERT INTO `content_objects` VALUES (159, 'Projects-Copy-Copy', 'projects-copy-Copy', '[{\"objects_id\": \"41\"}]', 1, 1, 1, 158, NULL, 1, NULL, NULL, 0, NULL, '2023-03-21 13:13:31', '2023-03-21 13:13:31');
INSERT INTO `content_objects` VALUES (160, 'Projects-Copy-Copy', 'projects-copy-Copy', '[{\"objects_id\": \"41\"}]', 1, 2, 1, 158, NULL, 1, NULL, NULL, 0, NULL, '2023-03-21 13:13:31', '2023-03-21 13:13:31');
INSERT INTO `content_objects` VALUES (161, 'Projects-Copy-Copy', 'projects-copy-Copy', '[{\"objects_id\": \"41\"}]', 1, 3, 1, 158, NULL, 1, NULL, NULL, 0, NULL, '2023-03-21 13:13:31', '2023-03-21 13:13:31');
INSERT INTO `content_objects` VALUES (162, 'Services', 'services', '[{\"objects_id\": \"40\"}]', 1, 3, 1, NULL, NULL, 6, NULL, 2, 0, NULL, '2023-03-21 13:28:16', '2023-04-06 12:21:33');
INSERT INTO `content_objects` VALUES (163, 'BUILDING REMODELS', 'building-remodels-2', '[{\"objects_id\": \"45\"}]', 1, 0, 1, 162, NULL, 6, 2, NULL, 0, NULL, '2023-03-21 13:34:35', '2023-03-22 14:40:35');
INSERT INTO `content_objects` VALUES (164, 'ZERO HARM EVERYDAY', 'zero-harm-everyday', '[{\"objects_id\": \"45\"}]', 1, 0, 1, 162, NULL, 6, 2, NULL, 0, NULL, '2023-01-02 13:36:09', '2023-03-24 15:45:50');
INSERT INTO `content_objects` VALUES (165, 'VIRTUAL CONSTRUCTION', 'virtual-construction', '[{\"objects_id\": \"45\"}]', 1, 0, 1, 162, NULL, 6, 2, NULL, 0, NULL, '2023-03-21 13:38:35', '2023-03-23 08:58:50');
INSERT INTO `content_objects` VALUES (167, 'RENOVATION', 'renovation-167', '[{\"objects_id\": \"45\"}]', 1, 0, 1, 162, NULL, 6, 2, NULL, 0, NULL, '2023-03-21 13:39:13', '2023-03-24 15:39:49');
INSERT INTO `content_objects` VALUES (168, 'EXTERIOR DESIGN', 'exterior-design2', '[{\"objects_id\": \"45\"}]', 1, 0, 1, 162, NULL, 6, 2, NULL, 0, NULL, '2023-03-21 14:28:56', '2023-03-22 15:47:31');
INSERT INTO `content_objects` VALUES (170, 'ch 1', 'ch-13', '[{\"objects_id\": \"34\"}]', 1, 0, 1, 169, NULL, 6, NULL, NULL, 0, NULL, '2023-03-21 17:56:10', '2023-03-21 18:01:04');
INSERT INTO `content_objects` VALUES (172, 'top bar social icons', 'top-bar-social-icons-2', '[{\"objects_id\": \"30\"}]', 1, 16, NULL, NULL, NULL, NULL, NULL, NULL, 0, NULL, '2023-03-21 18:43:18', '2023-04-06 12:21:14');
INSERT INTO `content_objects` VALUES (173, 'RELATION BLOCKS', 'relation-blocks', '[{\"objects_id\": \"40\"}]', 1, 1, NULL, NULL, NULL, NULL, NULL, NULL, 0, NULL, '2023-03-22 09:20:35', '2023-04-06 12:21:33');
INSERT INTO `content_objects` VALUES (175, 'WHAT MAKES US DIFFERENT', 'what-makes-us-different', '[{\"objects_id\": \"46\"}]', 1, 1, 0, 173, NULL, NULL, NULL, NULL, 0, NULL, '2023-03-22 09:26:36', '2023-03-24 15:54:57');
INSERT INTO `content_objects` VALUES (176, 'YOU SHOULD KNOW block', 'you-should-know-block', '[{\"objects_id\": \"40\"}]', 1, 2, NULL, 173, NULL, NULL, NULL, NULL, 0, NULL, '2023-03-22 09:27:10', '2023-03-24 15:54:57');
INSERT INTO `content_objects` VALUES (177, 'Does the law require head protection on construction sites?', 'does-the-law-require-head-protection-on-construction-sites', '[{\"objects_id\": \"46\"}]', 1, 0, NULL, 176, NULL, NULL, NULL, NULL, 0, NULL, '2023-03-22 09:28:10', '2023-03-22 09:29:17');
INSERT INTO `content_objects` VALUES (178, 'What are the first aid requirements for sites?', 'what-are-the-first-aid-requirements-for-sites', '[{\"objects_id\": \"46\"}]', 1, 0, NULL, 176, NULL, NULL, NULL, NULL, 0, NULL, '2023-03-22 09:28:34', '2023-03-22 09:29:39');
INSERT INTO `content_objects` VALUES (179, 'What is an appointed person?', 'what-is-an-appointed-person', '[{\"objects_id\": \"46\"}]', 1, 0, NULL, 176, NULL, NULL, NULL, NULL, 0, NULL, '2023-03-22 09:28:57', '2023-03-22 09:29:58');
INSERT INTO `content_objects` VALUES (180, 'INTERESTED WITH THIS SERVICE.', 'interested-with-this-service', '[{\"objects_id\": \"37\"}]', 1, 3, NULL, 173, NULL, NULL, NULL, NULL, 0, NULL, '2023-03-22 10:25:00', '2023-03-24 15:54:57');
INSERT INTO `content_objects` VALUES (181, 'SECOND RELATION', 'second-relation', '[{\"objects_id\": \"46\"}]', 1, 4, NULL, 173, NULL, NULL, NULL, NULL, 0, NULL, '2023-03-22 15:44:40', '2023-03-24 15:54:57');
INSERT INTO `content_objects` VALUES (183, 'telefoni', 'telefoni', '[{\"objects_id\": \"47\"}]', 1, 0, 1, 182, NULL, 7, NULL, NULL, 0, NULL, '2023-03-22 17:44:38', '2023-03-22 17:46:46');
INSERT INTO `content_objects` VALUES (185, 'products-Copy-Copy', 'products-copy-Copy', '[{\"objects_id\": \"47\"}]', 1, 0, 1, 184, NULL, 7, NULL, NULL, 0, NULL, '2023-03-22 18:00:19', '2023-03-22 18:00:19');
INSERT INTO `content_objects` VALUES (189, 'About us', 'about-us-2', '[{\"objects_id\": \"46\"}]', 1, 4, 1, NULL, 2, 8, 3, NULL, 0, NULL, '2023-03-25 09:14:59', '2023-04-06 12:21:53');
INSERT INTO `content_objects` VALUES (190, 'PROFESSIONAL TEAM', 'professional-team', '[{\"objects_id\": \"40\"}]', 1, 0, NULL, 173, NULL, NULL, NULL, NULL, 0, NULL, '2023-03-29 09:16:12', '2023-03-29 09:47:23');
INSERT INTO `content_objects` VALUES (192, 'Nats Stenman', 'nats-stenman', '[{\"objects_id\": \"46\"}, {\"objects_id\": \"30\"}]', 1, 1, NULL, 190, NULL, NULL, NULL, NULL, 0, NULL, '2023-03-29 09:22:00', '2023-03-29 09:30:54');
INSERT INTO `content_objects` VALUES (193, 'Elton Joe', 'elton-joe', '[{\"objects_id\": \"46\"}, {\"objects_id\": \"30\"}]', 1, 6, NULL, 190, NULL, NULL, NULL, NULL, 0, NULL, '2023-03-29 09:25:02', '2023-03-29 09:37:41');
INSERT INTO `content_objects` VALUES (194, 'Angela Lyouer', 'angela-lyouer', '[{\"objects_id\": \"46\"}, {\"objects_id\": \"30\"}]', 1, 2, NULL, 190, NULL, NULL, NULL, NULL, 0, NULL, '2023-03-29 09:25:14', '2023-03-29 09:36:09');
INSERT INTO `content_objects` VALUES (195, 'Mark Conter', 'mark-conter', '[{\"objects_id\": \"46\"}, {\"objects_id\": \"30\"}]', 1, 3, NULL, 190, NULL, NULL, NULL, NULL, 0, NULL, '2023-03-29 09:25:21', '2023-03-29 09:33:07');
INSERT INTO `content_objects` VALUES (196, 'Ayesha Stewart', 'ayesha-stewart', '[{\"objects_id\": \"46\"}, {\"objects_id\": \"30\"}]', 1, 4, NULL, 190, NULL, NULL, NULL, NULL, 0, NULL, '2023-03-29 09:25:28', '2023-03-29 09:38:25');
INSERT INTO `content_objects` VALUES (197, 'Dave Clarkte', 'dave-clarkte', '[{\"objects_id\": \"46\"}, {\"objects_id\": \"30\"}]', 1, 5, NULL, 190, NULL, NULL, NULL, NULL, 0, NULL, '2023-03-29 09:25:35', '2023-03-29 09:35:40');
INSERT INTO `content_objects` VALUES (198, 'Test object', 'test-object', '[{\"objects_id\": \"40\"}]', 1, 5, 1, NULL, 1, 11, NULL, 2, 0, NULL, '2023-03-30 12:17:42', '2023-04-06 12:21:53');
INSERT INTO `content_objects` VALUES (199, 'child 1 test title', 'child-1-test-title', '[{\"objects_id\": \"34\"}]', 1, 0, 1, 198, NULL, 11, NULL, NULL, 0, NULL, '2023-04-04 13:47:24', '2023-03-30 14:24:15');
INSERT INTO `content_objects` VALUES (200, 'second', 'second', '[{\"objects_id\": \"34\"}]', 1, 0, 1, 198, NULL, 11, NULL, NULL, 0, NULL, '2023-04-04 13:47:37', '2023-03-30 16:01:55');
INSERT INTO `content_objects` VALUES (201, 'third', 'third', '[{\"objects_id\": \"34\"}]', 1, 0, 1, 198, NULL, 11, NULL, NULL, 0, NULL, '2023-04-03 13:47:41', '2023-03-30 16:02:29');
INSERT INTO `content_objects` VALUES (203, 'Contact page relations', 'contact-page-relations', '[{\"objects_id\": \"40\"}]', 1, 0, NULL, 173, NULL, NULL, NULL, NULL, NULL, NULL, '2023-04-10 14:50:44', '2023-04-10 14:51:01');
INSERT INTO `content_objects` VALUES (204, 'REACHING OUR OFFICE', 'reaching-our-office', '[{\"objects_id\": \"40\"}]', 1, 0, NULL, 203, NULL, NULL, NULL, NULL, NULL, NULL, '2023-04-10 14:54:20', '2023-04-10 14:55:02');
INSERT INTO `content_objects` VALUES (206, 'VISIT OUR OFFICE', 'visit-our-office', '[{\"objects_id\": \"46\"}]', 1, 0, NULL, 204, NULL, NULL, NULL, NULL, NULL, NULL, '2023-04-10 14:56:32', '2023-04-10 14:58:18');
INSERT INTO `content_objects` VALUES (207, 'EMAIL US', 'email-us', '[{\"objects_id\": \"46\"}]', 1, 0, NULL, 204, NULL, NULL, NULL, NULL, NULL, NULL, '2023-04-10 14:57:25', '2023-04-10 14:58:48');
INSERT INTO `content_objects` VALUES (208, 'CALL US', 'call-us', '[{\"objects_id\": \"46\"}]', 1, 0, NULL, 204, NULL, NULL, NULL, NULL, NULL, NULL, '2023-04-10 14:57:41', '2023-04-10 14:59:11');
INSERT INTO `content_objects` VALUES (209, 'Contact', 'contact', '[{\"objects_id\": \"34\"}]', 1, 6, 1, NULL, NULL, 12, 4, NULL, 6, NULL, '2023-04-10 15:00:00', '2023-04-11 10:29:55');

-- ----------------------------
-- Table structure for custom_pages
-- ----------------------------
DROP TABLE IF EXISTS `custom_pages`;
CREATE TABLE `custom_pages`  (
  `id` bigint(20) UNSIGNED NOT NULL AUTO_INCREMENT,
  `content` longtext CHARACTER SET utf8mb4 COLLATE utf8mb4_unicode_ci NOT NULL,
  `content_object_id` bigint(20) UNSIGNED NOT NULL,
  `created_at` timestamp(0) NULL DEFAULT NULL,
  `is_published` tinyint(2) NULL DEFAULT NULL,
  `updated_at` timestamp(0) NULL DEFAULT NULL,
  PRIMARY KEY (`id`) USING BTREE,
  INDEX `custom_pages_content_objects_id_foreign`(`content_object_id`) USING BTREE,
  CONSTRAINT `custom_pages_content_objects_id_foreign` FOREIGN KEY (`content_object_id`) REFERENCES `content_objects` (`id`) ON DELETE CASCADE ON UPDATE RESTRICT
) ENGINE = InnoDB AUTO_INCREMENT = 165 CHARACTER SET = utf8mb4 COLLATE = utf8mb4_unicode_ci ROW_FORMAT = Dynamic;

-- ----------------------------
-- Records of custom_pages
-- ----------------------------
INSERT INTO `custom_pages` VALUES (4, '{\"ka\":{\"56df6ae01450\":{\"object_id\":31,\"object_type_id\":4,\"label\":\"Logo\",\"object_type_key\":\"gallery\",\"key\":1,\"value\":null},\"b6be5c73d159\":{\"object_id\":31,\"object_type_id\":1,\"label\":\"Phone\",\"object_type_key\":\"input-text\",\"key\":2,\"value\":\"(+9) 847-291-4353\"},\"d6a4e576db00\":{\"object_id\":31,\"object_type_id\":1,\"label\":\"E_mail\",\"object_type_key\":\"input-text\",\"key\":3,\"value\":\"office@Constra.com\"},\"44c3e2a73190\":{\"object_id\":31,\"object_type_id\":1,\"label\":\"Edditional\",\"object_type_key\":\"input-text\",\"key\":4,\"value\":\"ISO 9001:2017\"},\"6694d9049969\":{\"object_id\":31,\"object_type_id\":1,\"label\":\"Button name\",\"object_type_key\":\"input-text\",\"key\":5,\"value\":\"Contact us\"},\"56203d72333b\":{\"object_id\":31,\"object_type_id\":1,\"label\":\"Button URL\",\"object_type_key\":\"input-text\",\"key\":6,\"value\":\"\\/contact\"}},\"ger\":\"\"}', 7, '2023-03-17 13:48:24', NULL, '2023-03-17 15:49:51');
INSERT INTO `custom_pages` VALUES (5, '{\"ka\":{\"95e01268e103\":{\"object_id\":32,\"object_type_id\":4,\"label\":\"Upload image\",\"object_type_key\":\"gallery\",\"key\":1,\"value\":null},\"d996ff725193\":{\"object_id\":32,\"object_type_id\":1,\"label\":\"Title 1\",\"object_type_key\":\"input-text\",\"key\":2,\"value\":\"17 Years of excellence in\"},\"ef839cc8da6c\":{\"object_id\":32,\"object_type_id\":1,\"label\":\"Title 2\",\"object_type_key\":\"input-text\",\"key\":3,\"value\":\"Construction Industry\"},\"b1c99b14ba80\":{\"object_id\":32,\"object_type_id\":1,\"label\":\"Title 3\",\"object_type_key\":\"input-text\",\"key\":4,\"value\":null},\"0d79ded9d10d\":{\"object_id\":32,\"object_type_id\":1,\"label\":\"Btn 1 title\",\"object_type_key\":\"input-text\",\"key\":5,\"value\":\"Google\"},\"65acbea3118c\":{\"object_id\":32,\"object_type_id\":1,\"label\":\"Btn 1 url\",\"object_type_key\":\"input-text\",\"key\":6,\"value\":\"http:\\/\\/google.com\"},\"e8bb1b8be0d8\":{\"object_id\":32,\"object_type_id\":1,\"label\":\"Btn 2 title\",\"object_type_key\":\"input-text\",\"key\":7,\"value\":\"Yahoo\"},\"d9d57ed811e1\":{\"object_id\":32,\"object_type_id\":1,\"label\":\"Btn 2 url\",\"object_type_key\":\"input-text\",\"key\":8,\"value\":\"http:\\/\\/yahoo.com\"},\"88a54e1ab702\":{\"object_id\":32,\"object_type_id\":5,\"label\":\"Position\",\"object_type_key\":\"dropdown-select-single\",\"key\":9,\"value\":\"0\"}},\"ger\":\"\"}', 8, '2023-03-17 15:06:56', NULL, '2023-03-17 15:45:34');
INSERT INTO `custom_pages` VALUES (6, '{\"ka\":{\"95e01268e103\":{\"object_id\":32,\"object_type_id\":4,\"label\":\"Upload image\",\"object_type_key\":\"gallery\",\"key\":1,\"value\":null},\"d996ff725193\":{\"object_id\":32,\"object_type_id\":1,\"label\":\"Title 1\",\"object_type_key\":\"input-text\",\"key\":2,\"value\":\"World Class Service\"},\"ef839cc8da6c\":{\"object_id\":32,\"object_type_id\":1,\"label\":\"Title 2\",\"object_type_key\":\"input-text\",\"key\":3,\"value\":\"When Service Matters\"},\"b1c99b14ba80\":{\"object_id\":32,\"object_type_id\":1,\"label\":\"Title 3\",\"object_type_key\":\"input-text\",\"key\":4,\"value\":\"Your Choice is Simple\"},\"0d79ded9d10d\":{\"object_id\":32,\"object_type_id\":1,\"label\":\"Btn 1 title\",\"object_type_key\":\"input-text\",\"key\":5,\"value\":null},\"65acbea3118c\":{\"object_id\":32,\"object_type_id\":1,\"label\":\"Btn 1 url\",\"object_type_key\":\"input-text\",\"key\":6,\"value\":\"Our Services\"},\"e8bb1b8be0d8\":{\"object_id\":32,\"object_type_id\":1,\"label\":\"Btn 2 title\",\"object_type_key\":\"input-text\",\"key\":7,\"value\":null},\"d9d57ed811e1\":{\"object_id\":32,\"object_type_id\":1,\"label\":\"Btn 2 url\",\"object_type_key\":\"input-text\",\"key\":8,\"value\":null},\"88a54e1ab702\":{\"object_id\":32,\"object_type_id\":5,\"label\":\"Position\",\"object_type_key\":\"dropdown-select-single\",\"key\":9,\"value\":\"1\"}},\"ger\":\"\"}', 9, '2023-03-17 15:22:37', NULL, '2023-03-17 15:22:37');
INSERT INTO `custom_pages` VALUES (7, '{\"ka\":{\"95e01268e103\":{\"object_id\":32,\"object_type_id\":4,\"label\":\"Upload image\",\"object_type_key\":\"gallery\",\"key\":1,\"value\":null},\"d996ff725193\":{\"object_id\":32,\"object_type_id\":1,\"label\":\"Title 1\",\"object_type_key\":\"input-text\",\"key\":2,\"value\":\"Meet Our Engineers\"},\"ef839cc8da6c\":{\"object_id\":32,\"object_type_id\":1,\"label\":\"Title 2\",\"object_type_key\":\"input-text\",\"key\":3,\"value\":\"We believe sustainability\"},\"b1c99b14ba80\":{\"object_id\":32,\"object_type_id\":1,\"label\":\"Title 3\",\"object_type_key\":\"input-text\",\"key\":4,\"value\":\"We will deal with your failure that determines how you achieve success.\"},\"0d79ded9d10d\":{\"object_id\":32,\"object_type_id\":1,\"label\":\"Btn 1 title\",\"object_type_key\":\"input-text\",\"key\":5,\"value\":\"Get Free Quote\"},\"65acbea3118c\":{\"object_id\":32,\"object_type_id\":1,\"label\":\"Btn 1 url\",\"object_type_key\":\"input-text\",\"key\":6,\"value\":null},\"e8bb1b8be0d8\":{\"object_id\":32,\"object_type_id\":1,\"label\":\"Btn 2 title\",\"object_type_key\":\"input-text\",\"key\":7,\"value\":\"Learn more\"},\"d9d57ed811e1\":{\"object_id\":32,\"object_type_id\":1,\"label\":\"Btn 2 url\",\"object_type_key\":\"input-text\",\"key\":8,\"value\":null},\"88a54e1ab702\":{\"object_id\":32,\"object_type_id\":5,\"label\":\"Position\",\"object_type_key\":\"dropdown-select-single\",\"key\":9,\"value\":\"2\"}},\"ger\":\"\"}', 10, '2023-03-17 15:23:47', NULL, '2023-03-17 15:23:47');
INSERT INTO `custom_pages` VALUES (8, '{\"ka\":{\"afdd66713761\":{\"object_id\":33,\"object_type_id\":3,\"label\":\"Text\",\"object_type_key\":\"rich-text-editor\",\"key\":1,\"value\":\"<h3>WE UNDERSTAND YOUR NEEDS ON CONSTRUCTION<\\/h3>\"},\"4424ceef4210\":{\"object_id\":33,\"object_type_id\":1,\"label\":\"Button Title\",\"object_type_key\":\"input-text\",\"key\":2,\"value\":\"Custom button\"},\"501caa1fe3d2\":{\"object_id\":33,\"object_type_id\":1,\"label\":\"Button url\",\"object_type_key\":\"input-text\",\"key\":3,\"value\":\"http:\\/\\/google.ge\"},\"c60277a28b23\":{\"object_id\":33,\"object_type_id\":7,\"label\":\"Button color\",\"object_type_key\":\"color-picker\",\"key\":4,\"value\":\"#c7c3c3\"}},\"ger\":\"\"}', 12, '2023-03-17 16:08:30', NULL, '2023-03-17 16:17:26');
INSERT INTO `custom_pages` VALUES (9, '{\"ka\":{\"11f8bc158ef2\":{\"object_id\":34,\"object_type_id\":1,\"label\":\"Title\",\"object_type_key\":\"input-text\",\"key\":1,\"value\":\"OUR VALUES\"},\"b1fccafef4e3\":{\"object_id\":34,\"object_type_id\":2,\"label\":\"Textarea\",\"object_type_key\":\"textarea\",\"key\":2,\"value\":\"\"},\"f069bea5a7a5\":{\"object_id\":34,\"object_type_id\":3,\"label\":\"Rich text editor\",\"object_type_key\":\"rich-text-editor\",\"key\":3,\"value\":\"<p>Minim Austin 3 wolf moon scenester aesthetic, umami odio pariatur bitters. Pop-up occaecat taxidermy street art, tattooed beard literally.<\\/p>\"}},\"ger\":\"\"}', 14, '2023-03-18 09:01:22', NULL, '2023-03-18 13:20:48');
INSERT INTO `custom_pages` VALUES (10, '{\"ka\":{\"11f8bc158ef2\":{\"object_id\":34,\"object_type_id\":1,\"label\":\"Title\",\"object_type_key\":\"input-text\",\"key\":1,\"value\":\"safety\"},\"b1fccafef4e3\":{\"object_id\":34,\"object_type_id\":2,\"label\":\"Textarea\",\"object_type_key\":\"textarea\",\"key\":2,\"value\":\"\"},\"f069bea5a7a5\":{\"object_id\":34,\"object_type_id\":3,\"label\":\"Rich text editor\",\"object_type_key\":\"rich-text-editor\",\"key\":3,\"value\":\"<p>Anim pariatur cliche reprehenderit, enim eiusmod high life accusamus terry richardson ad squid. 3 wolf moon officia aute, non cupidata<\\/p>\"}},\"ger\":\"\"}', 15, '2023-03-18 09:02:16', NULL, '2023-03-18 09:02:16');
INSERT INTO `custom_pages` VALUES (11, '{\"ka\":{\"11f8bc158ef2\":{\"object_id\":34,\"object_type_id\":1,\"label\":\"Title\",\"object_type_key\":\"input-text\",\"key\":1,\"value\":\"Customer Service\"},\"b1fccafef4e3\":{\"object_id\":34,\"object_type_id\":2,\"label\":\"Textarea\",\"object_type_key\":\"textarea\",\"key\":2,\"value\":null},\"f069bea5a7a5\":{\"object_id\":34,\"object_type_id\":3,\"label\":\"Rich text editor\",\"object_type_key\":\"rich-text-editor\",\"key\":3,\"value\":\"<p>Anim pariatur cliche reprehenderit, enim eiusmod high life accusamus terry richardson ad squid. 3 wolf moon officia aute, non cupidata<\\/p>\"}},\"ger\":\"\"}', 16, '2023-03-18 09:03:15', NULL, '2023-03-18 09:03:15');
INSERT INTO `custom_pages` VALUES (12, '{\"ka\":{\"11f8bc158ef2\":{\"object_id\":34,\"object_type_id\":1,\"label\":\"Title\",\"object_type_key\":\"input-text\",\"key\":1,\"value\":\"integrity\"},\"b1fccafef4e3\":{\"object_id\":34,\"object_type_id\":2,\"label\":\"Textarea\",\"object_type_key\":\"textarea\",\"key\":2,\"value\":null},\"f069bea5a7a5\":{\"object_id\":34,\"object_type_id\":3,\"label\":\"Rich text editor\",\"object_type_key\":\"rich-text-editor\",\"key\":3,\"value\":\"<p>Anim pariatur cliche reprehenderit, enim eiusmod high life accusamus terry richardson ad squid. 3 wolf moon officia aute, non cupidata<\\/p>\"}},\"ger\":\"\"}', 17, '2023-03-18 09:03:50', NULL, '2023-03-18 09:03:50');
INSERT INTO `custom_pages` VALUES (13, '{\"ka\":{\"0f52b4175deb\":{\"object_id\":35,\"object_type_id\":1,\"label\":\"Title 1\",\"object_type_key\":\"input-text\",\"key\":1,\"value\":\"ABOUT US\"},\"712fc9e05845\":{\"object_id\":35,\"object_type_id\":1,\"label\":\"Title 2\",\"object_type_key\":\"input-text\",\"key\":2,\"value\":\"WE DELIVER LANDMARK PROJECTS\"},\"a8578b2c4052\":{\"object_id\":35,\"object_type_id\":2,\"label\":\"Textarea 1\",\"object_type_key\":\"textarea\",\"key\":3,\"value\":\"We are rethoric question ran over her cheek When she reached the first hills of the Italic Mountains, she had a last view back on the skyline of her hometown Bookmarksgrove, the headline of Alphabet Village and the subline of her own road, the Line Lane.\"},\"b83b42ae7684\":{\"object_id\":35,\"object_type_id\":2,\"label\":\"Textarea 2\",\"object_type_key\":\"textarea\",\"key\":4,\"value\":null},\"f28b4e99e617\":{\"object_id\":35,\"object_type_id\":3,\"label\":\"Rich text editor 1\",\"object_type_key\":\"rich-text-editor\",\"key\":5,\"value\":null},\"88b7d01fcddb\":{\"object_id\":35,\"object_type_id\":3,\"label\":\"Rich text editor 2\",\"object_type_key\":\"rich-text-editor\",\"key\":6,\"value\":null},\"723885fef687\":{\"object_id\":35,\"object_type_id\":4,\"label\":\"Image upload 1\",\"object_type_key\":\"gallery\",\"key\":7,\"value\":null},\"22c2a695643e\":{\"object_id\":35,\"object_type_id\":4,\"label\":\"Image upload 2\",\"object_type_key\":\"gallery\",\"key\":8,\"value\":null}},\"ger\":\"\"}', 18, '2023-03-18 09:32:36', NULL, '2023-03-18 09:32:36');
INSERT INTO `custom_pages` VALUES (14, '{\"ka\":{\"11f8bc158ef2\":{\"object_id\":34,\"object_type_id\":1,\"label\":\"Title\",\"object_type_key\":\"input-text\",\"key\":1,\"value\":\"WE\'VE REPUTION FOR EXCELLENCE\"},\"b1fccafef4e3\":{\"object_id\":34,\"object_type_id\":2,\"label\":\"Textarea\",\"object_type_key\":\"textarea\",\"key\":2,\"value\":\"<i class=\\\"fas fa-trophy\\\"><\\/i>\"},\"f069bea5a7a5\":{\"object_id\":34,\"object_type_id\":3,\"label\":\"Rich text editor\",\"object_type_key\":\"rich-text-editor\",\"key\":3,\"value\":null}},\"ger\":\"\"}', 23, '2023-03-18 09:43:05', NULL, '2023-03-18 09:43:05');
INSERT INTO `custom_pages` VALUES (15, '{\"ka\":{\"11f8bc158ef2\":{\"object_id\":34,\"object_type_id\":1,\"label\":\"Title\",\"object_type_key\":\"input-text\",\"key\":1,\"value\":\"We Build Partnerships\"},\"b1fccafef4e3\":{\"object_id\":34,\"object_type_id\":2,\"label\":\"Textarea\",\"object_type_key\":\"textarea\",\"key\":2,\"value\":\"<i class=\\\"fas fa-sliders-h\\\"><\\/i>\"},\"f069bea5a7a5\":{\"object_id\":34,\"object_type_id\":3,\"label\":\"Rich text editor\",\"object_type_key\":\"rich-text-editor\",\"key\":3,\"value\":null}},\"ger\":\"\"}', 24, '2023-03-18 09:43:53', NULL, '2023-03-18 09:43:53');
INSERT INTO `custom_pages` VALUES (16, '{\"ka\":{\"11f8bc158ef2\":{\"object_id\":34,\"object_type_id\":1,\"label\":\"Title\",\"object_type_key\":\"input-text\",\"key\":1,\"value\":\"Guided by Commitment\"},\"b1fccafef4e3\":{\"object_id\":34,\"object_type_id\":2,\"label\":\"Textarea\",\"object_type_key\":\"textarea\",\"key\":2,\"value\":\"<i class=\\\"fas fa-thumbs-up\\\"><\\/i>\"},\"f069bea5a7a5\":{\"object_id\":34,\"object_type_id\":3,\"label\":\"Rich text editor\",\"object_type_key\":\"rich-text-editor\",\"key\":3,\"value\":null}},\"ger\":\"\"}', 25, '2023-03-18 09:44:18', NULL, '2023-03-18 09:44:18');
INSERT INTO `custom_pages` VALUES (17, '{\"ka\":{\"11f8bc158ef2\":{\"object_id\":34,\"object_type_id\":1,\"label\":\"Title\",\"object_type_key\":\"input-text\",\"key\":1,\"value\":\"A Team of Professionals\"},\"b1fccafef4e3\":{\"object_id\":34,\"object_type_id\":2,\"label\":\"Textarea\",\"object_type_key\":\"textarea\",\"key\":2,\"value\":\"<i class=\\\"fas fa-users\\\"><\\/i>\"},\"f069bea5a7a5\":{\"object_id\":34,\"object_type_id\":3,\"label\":\"Rich text editor\",\"object_type_key\":\"rich-text-editor\",\"key\":3,\"value\":null}},\"ger\":\"\"}', 26, '2023-03-18 09:44:48', NULL, '2023-03-18 09:44:48');
INSERT INTO `custom_pages` VALUES (18, '{\"ka\":{\"11f8bc158ef2\":{\"object_id\":34,\"object_type_id\":1,\"label\":\"Title\",\"object_type_key\":\"input-text\",\"key\":1,\"value\":\"top slider\"},\"b1fccafef4e3\":{\"object_id\":34,\"object_type_id\":2,\"label\":\"Textarea\",\"object_type_key\":\"textarea\",\"key\":2,\"value\":null},\"f069bea5a7a5\":{\"object_id\":34,\"object_type_id\":3,\"label\":\"Rich text editor\",\"object_type_key\":\"rich-text-editor\",\"key\":3,\"value\":null}},\"ger\":\"\"}', 27, '2023-03-18 11:00:32', NULL, '2023-03-18 13:09:18');
INSERT INTO `custom_pages` VALUES (19, '{\"ka\":{\"a677d7c55141\":{\"object_id\":36,\"object_type_id\":1,\"label\":\"Title\",\"object_type_key\":\"input-text\",\"key\":1,\"value\":\"Home page counter\"},\"3a16ba09b5e9\":{\"object_id\":36,\"object_type_id\":2,\"label\":\"Text\",\"object_type_key\":\"textarea\",\"key\":2,\"value\":null},\"8f4f742997c3\":{\"object_id\":36,\"object_type_id\":4,\"label\":\"Upload image single\",\"object_type_key\":\"gallery\",\"key\":3,\"value\":null}},\"ger\":\"\"}', 28, '2023-03-18 11:18:30', NULL, '2023-03-18 13:17:47');
INSERT INTO `custom_pages` VALUES (20, '{\"ka\":{\"a677d7c55141\":{\"object_id\":36,\"object_type_id\":1,\"label\":\"Title\",\"object_type_key\":\"input-text\",\"key\":1,\"value\":\"TOTAL PROJECTS\"},\"3a16ba09b5e9\":{\"object_id\":36,\"object_type_id\":2,\"label\":\"Text\",\"object_type_key\":\"textarea\",\"key\":2,\"value\":\"1789\"},\"8f4f742997c3\":{\"object_id\":36,\"object_type_id\":4,\"label\":\"Upload image single\",\"object_type_key\":\"gallery\",\"key\":3,\"value\":null}},\"ger\":\"\"}', 29, '2023-03-18 11:20:14', NULL, '2023-03-18 11:20:14');
INSERT INTO `custom_pages` VALUES (21, '{\"ka\":{\"a677d7c55141\":{\"object_id\":36,\"object_type_id\":1,\"label\":\"Title\",\"object_type_key\":\"input-text\",\"key\":1,\"value\":\"STAFF MEMBERS\"},\"3a16ba09b5e9\":{\"object_id\":36,\"object_type_id\":2,\"label\":\"Text\",\"object_type_key\":\"textarea\",\"key\":2,\"value\":\"647\"},\"8f4f742997c3\":{\"object_id\":36,\"object_type_id\":4,\"label\":\"Upload image single\",\"object_type_key\":\"gallery\",\"key\":3,\"value\":null}},\"ger\":\"\"}', 30, '2023-03-18 11:20:57', NULL, '2023-03-18 11:20:57');
INSERT INTO `custom_pages` VALUES (22, '{\"ka\":{\"a677d7c55141\":{\"object_id\":36,\"object_type_id\":1,\"label\":\"Title\",\"object_type_key\":\"input-text\",\"key\":1,\"value\":\"HOURS OF WORK\"},\"3a16ba09b5e9\":{\"object_id\":36,\"object_type_id\":2,\"label\":\"Text\",\"object_type_key\":\"textarea\",\"key\":2,\"value\":\"4000\"},\"8f4f742997c3\":{\"object_id\":36,\"object_type_id\":4,\"label\":\"Upload image single\",\"object_type_key\":\"gallery\",\"key\":3,\"value\":null}},\"ger\":\"\"}', 31, '2023-03-18 11:21:32', NULL, '2023-03-18 11:21:32');
INSERT INTO `custom_pages` VALUES (23, '{\"ka\":{\"a677d7c55141\":{\"object_id\":36,\"object_type_id\":1,\"label\":\"Title\",\"object_type_key\":\"input-text\",\"key\":1,\"value\":\"COUNTRIES EXPERIENCE!\"},\"3a16ba09b5e9\":{\"object_id\":36,\"object_type_id\":2,\"label\":\"Text\",\"object_type_key\":\"textarea\",\"key\":2,\"value\":\"44\"},\"8f4f742997c3\":{\"object_id\":36,\"object_type_id\":4,\"label\":\"Upload image single\",\"object_type_key\":\"gallery\",\"key\":3,\"value\":null}},\"ger\":\"\"}', 32, '2023-03-18 11:22:13', NULL, '2023-03-18 12:57:32');
INSERT INTO `custom_pages` VALUES (28, '{\"ka\":{\"11f8bc158ef2\":{\"object_id\":34,\"object_type_id\":1,\"label\":\"Title\",\"object_type_key\":\"input-text\",\"key\":1,\"value\":\"WE ARE SPECIALISTS IN\"},\"b1fccafef4e3\":{\"object_id\":34,\"object_type_id\":2,\"label\":\"Textarea\",\"object_type_key\":\"textarea\",\"key\":2,\"value\":\"WHAT WE DO\"},\"f069bea5a7a5\":{\"object_id\":34,\"object_type_id\":3,\"label\":\"Rich text editor\",\"object_type_key\":\"rich-text-editor\",\"key\":3,\"value\":\"<p>WHAT WE DO<\\/p>\"}},\"ger\":\"\"}', 38, '2023-03-18 15:04:16', NULL, '2023-03-18 15:04:16');
INSERT INTO `custom_pages` VALUES (29, '{\"ka\":{\"657f3f2f78a1\":{\"object_id\":37,\"object_type_id\":1,\"label\":\"Title\",\"object_type_key\":\"input-text\",\"key\":1,\"value\":\"HOME CONSTRUCTION\"},\"4904d7ee7d72\":{\"object_id\":37,\"object_type_id\":2,\"label\":\"Text\",\"object_type_key\":\"textarea\",\"key\":2,\"value\":\"Lorem ipsum dolor sit amet consectetur adipiscing elit Integer adipiscing erat\"},\"9aa541798ec4\":{\"object_id\":37,\"object_type_id\":4,\"label\":\"Image upload\",\"object_type_key\":\"gallery\",\"key\":3,\"value\":null},\"396d54b03691\":{\"object_id\":37,\"object_type_id\":1,\"label\":\"Url\",\"object_type_key\":\"input-text\",\"key\":4,\"value\":null}},\"ger\":\"\"}', 39, '2023-03-18 15:15:20', NULL, '2023-03-18 15:15:20');
INSERT INTO `custom_pages` VALUES (30, '{\"ka\":{\"657f3f2f78a1\":{\"object_id\":37,\"object_type_id\":1,\"label\":\"Title\",\"object_type_key\":\"input-text\",\"key\":1,\"value\":\"BUILDING REMODELS\"},\"4904d7ee7d72\":{\"object_id\":37,\"object_type_id\":2,\"label\":\"Text\",\"object_type_key\":\"textarea\",\"key\":2,\"value\":\"Lorem ipsum dolor sit amet consectetur adipiscing elit Integer adipiscing erat\"},\"9aa541798ec4\":{\"object_id\":37,\"object_type_id\":4,\"label\":\"Image upload\",\"object_type_key\":\"gallery\",\"key\":3,\"value\":null},\"396d54b03691\":{\"object_id\":37,\"object_type_id\":1,\"label\":\"Url\",\"object_type_key\":\"input-text\",\"key\":4,\"value\":null}},\"ger\":\"\"}', 40, '2023-03-18 15:16:36', NULL, '2023-03-18 15:16:36');
INSERT INTO `custom_pages` VALUES (31, '{\"ka\":{\"657f3f2f78a1\":{\"object_id\":37,\"object_type_id\":1,\"label\":\"Title\",\"object_type_key\":\"input-text\",\"key\":1,\"value\":\"INTERIOR DESIGN\"},\"4904d7ee7d72\":{\"object_id\":37,\"object_type_id\":2,\"label\":\"Text\",\"object_type_key\":\"textarea\",\"key\":2,\"value\":\"Lorem ipsum dolor sit amet consectetur adipiscing elit Integer adipiscing erat\"},\"9aa541798ec4\":{\"object_id\":37,\"object_type_id\":4,\"label\":\"Image upload\",\"object_type_key\":\"gallery\",\"key\":3,\"value\":null},\"396d54b03691\":{\"object_id\":37,\"object_type_id\":1,\"label\":\"Url\",\"object_type_key\":\"input-text\",\"key\":4,\"value\":null}},\"ger\":\"\"}', 41, '2023-03-18 15:17:13', NULL, '2023-03-18 15:17:13');
INSERT INTO `custom_pages` VALUES (32, '{\"ka\":{\"657f3f2f78a1\":{\"object_id\":37,\"object_type_id\":1,\"label\":\"Title\",\"object_type_key\":\"input-text\",\"key\":1,\"value\":\"EXTERIOR DESIGN\"},\"4904d7ee7d72\":{\"object_id\":37,\"object_type_id\":2,\"label\":\"Text\",\"object_type_key\":\"textarea\",\"key\":2,\"value\":\"Lorem ipsum dolor sit amet consectetur adipiscing elit Integer adipiscing erat\"},\"9aa541798ec4\":{\"object_id\":37,\"object_type_id\":4,\"label\":\"Image upload\",\"object_type_key\":\"gallery\",\"key\":3,\"value\":null},\"396d54b03691\":{\"object_id\":37,\"object_type_id\":1,\"label\":\"Url\",\"object_type_key\":\"input-text\",\"key\":4,\"value\":null}},\"ger\":\"\"}', 44, '2023-03-18 15:20:26', NULL, '2023-03-18 15:50:40');
INSERT INTO `custom_pages` VALUES (33, '{\"ka\":{\"657f3f2f78a1\":{\"object_id\":37,\"object_type_id\":1,\"label\":\"Title\",\"object_type_key\":\"input-text\",\"key\":1,\"value\":\"RENOVATION\"},\"4904d7ee7d72\":{\"object_id\":37,\"object_type_id\":2,\"label\":\"Text\",\"object_type_key\":\"textarea\",\"key\":2,\"value\":\"Lorem ipsum dolor sit amet consectetur adipiscing elit Integer adipiscing erat\"},\"9aa541798ec4\":{\"object_id\":37,\"object_type_id\":4,\"label\":\"Image upload\",\"object_type_key\":\"gallery\",\"key\":3,\"value\":null},\"396d54b03691\":{\"object_id\":37,\"object_type_id\":1,\"label\":\"Url\",\"object_type_key\":\"input-text\",\"key\":4,\"value\":null}},\"ger\":\"\"}', 45, '2023-03-18 15:21:19', NULL, '2023-03-18 15:21:19');
INSERT INTO `custom_pages` VALUES (34, '{\"ka\":{\"657f3f2f78a1\":{\"object_id\":37,\"object_type_id\":1,\"label\":\"Title\",\"object_type_key\":\"input-text\",\"key\":1,\"value\":\"SAFETY MANAGEMENT\"},\"4904d7ee7d72\":{\"object_id\":37,\"object_type_id\":2,\"label\":\"Text\",\"object_type_key\":\"textarea\",\"key\":2,\"value\":\"Lorem ipsum dolor sit amet consectetur adipiscing elit Integer adipiscing erat\"},\"9aa541798ec4\":{\"object_id\":37,\"object_type_id\":4,\"label\":\"Image upload\",\"object_type_key\":\"gallery\",\"key\":3,\"value\":null},\"396d54b03691\":{\"object_id\":37,\"object_type_id\":1,\"label\":\"Url\",\"object_type_key\":\"input-text\",\"key\":4,\"value\":null}},\"ger\":\"\"}', 46, '2023-03-18 15:22:00', NULL, '2023-03-18 15:22:00');
INSERT INTO `custom_pages` VALUES (35, '{\"ka\":{\"a677d7c55141\":{\"object_id\":36,\"object_type_id\":1,\"label\":\"Title\",\"object_type_key\":\"input-text\",\"key\":1,\"value\":\"center image\"},\"3a16ba09b5e9\":{\"object_id\":36,\"object_type_id\":2,\"label\":\"Text\",\"object_type_key\":\"textarea\",\"key\":2,\"value\":null},\"8f4f742997c3\":{\"object_id\":36,\"object_type_id\":4,\"label\":\"Upload image single\",\"object_type_key\":\"gallery\",\"key\":3,\"value\":null}},\"ger\":\"\"}', 47, '2023-03-18 15:23:39', NULL, '2023-03-18 15:23:39');
INSERT INTO `custom_pages` VALUES (39, '{\"ka\":{\"11f8bc158ef2\":{\"object_id\":34,\"object_type_id\":1,\"label\":\"Title\",\"object_type_key\":\"input-text\",\"key\":1,\"value\":\"WORK OF EXCELLENCE\"},\"b1fccafef4e3\":{\"object_id\":34,\"object_type_id\":2,\"label\":\"Textarea\",\"object_type_key\":\"textarea\",\"key\":2,\"value\":\"RECENT PROJECTS\"},\"f069bea5a7a5\":{\"object_id\":34,\"object_type_id\":3,\"label\":\"Rich text editor\",\"object_type_key\":\"rich-text-editor\",\"key\":3,\"value\":null}},\"ger\":\"\"}', 52, '2023-03-19 09:30:13', NULL, '2023-03-19 09:30:13');
INSERT INTO `custom_pages` VALUES (48, '{\"ka\":{\"a677d7c55141\":{\"object_id\":36,\"object_type_id\":1,\"label\":\"Title\",\"object_type_key\":\"input-text\",\"key\":1,\"value\":\"INFRASTRUCTURE\"},\"3a16ba09b5e9\":{\"object_id\":36,\"object_type_id\":2,\"label\":\"Text\",\"object_type_key\":\"textarea\",\"key\":2,\"value\":\"KALAS METRORAIL\"},\"8f4f742997c3\":{\"object_id\":36,\"object_type_id\":4,\"label\":\"Upload image single\",\"object_type_key\":\"gallery\",\"key\":3,\"value\":null},\"51e287afc017\":{\"object_id\":39,\"object_type_id\":6,\"label\":\"Menu\",\"object_type_key\":\"dropdown-select-multiple\",\"key\":4,\"value\":[\"3\",\"1\",\"0\"]}},\"ger\":\"\"}', 61, '2023-03-19 09:47:09', NULL, '2023-03-20 13:09:13');
INSERT INTO `custom_pages` VALUES (49, '{\"ka\":{\"a677d7c55141\":{\"object_id\":36,\"object_type_id\":1,\"label\":\"Title\",\"object_type_key\":\"input-text\",\"key\":1,\"value\":\"COMMERCIAL, INTERIORS\"},\"3a16ba09b5e9\":{\"object_id\":36,\"object_type_id\":2,\"label\":\"Text\",\"object_type_key\":\"textarea\",\"key\":2,\"value\":\"CAPITAL TELTWAY BUILDING\"},\"8f4f742997c3\":{\"object_id\":36,\"object_type_id\":4,\"label\":\"Upload image single\",\"object_type_key\":\"gallery\",\"key\":3,\"value\":null},\"51e287afc017\":{\"object_id\":39,\"object_type_id\":6,\"label\":\"Menu\",\"object_type_key\":\"dropdown-select-multiple\",\"key\":4,\"value\":[\"5\"]}},\"ger\":\"\"}', 62, '2023-03-19 09:47:42', NULL, '2023-03-20 09:24:51');
INSERT INTO `custom_pages` VALUES (50, '{\"ka\":{\"a677d7c55141\":{\"object_id\":36,\"object_type_id\":1,\"label\":\"Title\",\"object_type_key\":\"input-text\",\"key\":1,\"value\":\"GOVERNMENT\"},\"3a16ba09b5e9\":{\"object_id\":36,\"object_type_id\":2,\"label\":\"Text\",\"object_type_key\":\"textarea\",\"key\":2,\"value\":\"TNT EAST FACILITY\"},\"8f4f742997c3\":{\"object_id\":36,\"object_type_id\":4,\"label\":\"Upload image single\",\"object_type_key\":\"gallery\",\"key\":3,\"value\":null},\"51e287afc017\":{\"object_id\":39,\"object_type_id\":6,\"label\":\"Menu\",\"object_type_key\":\"dropdown-select-multiple\",\"key\":4,\"value\":[\"2\"]}},\"ger\":\"\"}', 63, '2023-03-19 09:48:26', NULL, '2023-03-19 11:48:22');
INSERT INTO `custom_pages` VALUES (51, '{\"ka\":{\"a677d7c55141\":{\"object_id\":36,\"object_type_id\":1,\"label\":\"Title\",\"object_type_key\":\"input-text\",\"key\":1,\"value\":\"INFRASTRUCTURE\"},\"3a16ba09b5e9\":{\"object_id\":36,\"object_type_id\":2,\"label\":\"Text\",\"object_type_key\":\"textarea\",\"key\":2,\"value\":\"NARRIOT HEADQUARTERS\"},\"8f4f742997c3\":{\"object_id\":36,\"object_type_id\":4,\"label\":\"Upload image single\",\"object_type_key\":\"gallery\",\"key\":3,\"value\":null},\"51e287afc017\":{\"object_id\":39,\"object_type_id\":6,\"label\":\"Menu\",\"object_type_key\":\"dropdown-select-multiple\",\"key\":4,\"value\":[\"3\",\"1\"]}},\"ger\":\"\"}', 64, '2023-03-19 09:48:57', NULL, '2023-03-20 09:23:42');
INSERT INTO `custom_pages` VALUES (53, '{\"ka\":{\"a677d7c55141\":{\"object_id\":36,\"object_type_id\":1,\"label\":\"Title\",\"object_type_key\":\"input-text\",\"key\":1,\"value\":\"RESIDENTIAL\"},\"3a16ba09b5e9\":{\"object_id\":36,\"object_type_id\":2,\"label\":\"Text\",\"object_type_key\":\"textarea\",\"key\":2,\"value\":\"ANCRAFT AVENUE HOUSE\"},\"8f4f742997c3\":{\"object_id\":36,\"object_type_id\":4,\"label\":\"Upload image single\",\"object_type_key\":\"gallery\",\"key\":3,\"value\":null},\"51e287afc017\":{\"object_id\":39,\"object_type_id\":6,\"label\":\"Menu\",\"object_type_key\":\"dropdown-select-multiple\",\"key\":4,\"value\":[\"4\"]}},\"ger\":\"\"}', 66, '2023-03-19 09:49:51', NULL, '2023-03-19 11:49:04');
INSERT INTO `custom_pages` VALUES (55, '{\"ka\":{\"a677d7c55141\":{\"object_id\":36,\"object_type_id\":1,\"label\":\"Title\",\"object_type_key\":\"input-text\",\"key\":1,\"value\":\"HEALTHCARE\"},\"3a16ba09b5e9\":{\"object_id\":36,\"object_type_id\":2,\"label\":\"Text\",\"object_type_key\":\"textarea\",\"key\":2,\"value\":\"GHUM TOUCH HOSPITAL\"},\"8f4f742997c3\":{\"object_id\":36,\"object_type_id\":4,\"label\":\"Upload image single\",\"object_type_key\":\"gallery\",\"key\":3,\"value\":null},\"51e287afc017\":{\"object_id\":39,\"object_type_id\":6,\"label\":\"Menu\",\"object_type_key\":\"dropdown-select-multiple\",\"key\":4,\"value\":[\"2\"]}},\"ger\":\"\"}', 68, '2023-03-19 09:50:43', NULL, '2023-03-20 09:25:41');
INSERT INTO `custom_pages` VALUES (56, '{\"ka\":{\"334b0636b035\":{\"object_id\":40,\"object_type_id\":1,\"label\":\"Title\",\"object_type_key\":\"input-text\",\"key\":1,\"value\":\"TESTIMONIALS & HAPPY CLIENTS\"}},\"ger\":\"\"}', 69, '2023-03-20 09:28:37', NULL, '2023-03-20 09:28:37');
INSERT INTO `custom_pages` VALUES (57, '{\"ka\":{\"334b0636b035\":{\"object_id\":40,\"object_type_id\":1,\"label\":\"Title\",\"object_type_key\":\"input-text\",\"key\":1,\"value\":\"TESTIMONIALS\"}},\"ger\":\"\"}', 70, '2023-03-20 09:32:32', NULL, '2023-03-20 09:32:32');
INSERT INTO `custom_pages` VALUES (58, '{\"ka\":{\"334b0636b035\":{\"object_id\":40,\"object_type_id\":1,\"label\":\"Title\",\"object_type_key\":\"input-text\",\"key\":1,\"value\":\"HAPPY CLIENTS\"}},\"ger\":\"\"}', 71, '2023-03-20 09:34:13', NULL, '2023-03-20 09:38:07');
INSERT INTO `custom_pages` VALUES (59, '{\"ka\":{\"657f3f2f78a1\":{\"object_id\":37,\"object_type_id\":1,\"label\":\"Title\",\"object_type_key\":\"input-text\",\"key\":1,\"value\":\"techno line\"},\"4904d7ee7d72\":{\"object_id\":37,\"object_type_id\":2,\"label\":\"Text\",\"object_type_key\":\"textarea\",\"key\":2,\"value\":null},\"9aa541798ec4\":{\"object_id\":37,\"object_type_id\":4,\"label\":\"Image upload\",\"object_type_key\":\"gallery\",\"key\":3,\"value\":null},\"396d54b03691\":{\"object_id\":37,\"object_type_id\":1,\"label\":\"Url\",\"object_type_key\":\"input-text\",\"key\":4,\"value\":null}},\"ger\":\"\"}', 75, '2023-03-20 09:40:34', NULL, '2023-03-20 09:41:06');
INSERT INTO `custom_pages` VALUES (60, '{\"ka\":{\"657f3f2f78a1\":{\"object_id\":37,\"object_type_id\":1,\"label\":\"Title\",\"object_type_key\":\"input-text\",\"key\":1,\"value\":\"montorin\"},\"4904d7ee7d72\":{\"object_id\":37,\"object_type_id\":2,\"label\":\"Text\",\"object_type_key\":\"textarea\",\"key\":2,\"value\":null},\"9aa541798ec4\":{\"object_id\":37,\"object_type_id\":4,\"label\":\"Image upload\",\"object_type_key\":\"gallery\",\"key\":3,\"value\":null},\"396d54b03691\":{\"object_id\":37,\"object_type_id\":1,\"label\":\"Url\",\"object_type_key\":\"input-text\",\"key\":4,\"value\":null}},\"ger\":\"\"}', 76, '2023-03-20 09:42:50', NULL, '2023-03-20 09:42:50');
INSERT INTO `custom_pages` VALUES (61, '{\"ka\":{\"657f3f2f78a1\":{\"object_id\":37,\"object_type_id\":1,\"label\":\"Title\",\"object_type_key\":\"input-text\",\"key\":1,\"value\":\"arrow market\"},\"4904d7ee7d72\":{\"object_id\":37,\"object_type_id\":2,\"label\":\"Text\",\"object_type_key\":\"textarea\",\"key\":2,\"value\":null},\"9aa541798ec4\":{\"object_id\":37,\"object_type_id\":4,\"label\":\"Image upload\",\"object_type_key\":\"gallery\",\"key\":3,\"value\":null},\"396d54b03691\":{\"object_id\":37,\"object_type_id\":1,\"label\":\"Url\",\"object_type_key\":\"input-text\",\"key\":4,\"value\":null}},\"ger\":\"\"}', 77, '2023-03-20 09:43:02', NULL, '2023-03-20 09:43:02');
INSERT INTO `custom_pages` VALUES (62, '{\"ka\":{\"657f3f2f78a1\":{\"object_id\":37,\"object_type_id\":1,\"label\":\"Title\",\"object_type_key\":\"input-text\",\"key\":1,\"value\":\"sontara\"},\"4904d7ee7d72\":{\"object_id\":37,\"object_type_id\":2,\"label\":\"Text\",\"object_type_key\":\"textarea\",\"key\":2,\"value\":null},\"9aa541798ec4\":{\"object_id\":37,\"object_type_id\":4,\"label\":\"Image upload\",\"object_type_key\":\"gallery\",\"key\":3,\"value\":null},\"396d54b03691\":{\"object_id\":37,\"object_type_id\":1,\"label\":\"Url\",\"object_type_key\":\"input-text\",\"key\":4,\"value\":null}},\"ger\":\"\"}', 78, '2023-03-20 09:43:17', NULL, '2023-03-20 09:43:17');
INSERT INTO `custom_pages` VALUES (63, '{\"ka\":{\"657f3f2f78a1\":{\"object_id\":37,\"object_type_id\":1,\"label\":\"Title\",\"object_type_key\":\"input-text\",\"key\":1,\"value\":\"altra technology\"},\"4904d7ee7d72\":{\"object_id\":37,\"object_type_id\":2,\"label\":\"Text\",\"object_type_key\":\"textarea\",\"key\":2,\"value\":null},\"9aa541798ec4\":{\"object_id\":37,\"object_type_id\":4,\"label\":\"Image upload\",\"object_type_key\":\"gallery\",\"key\":3,\"value\":null},\"396d54b03691\":{\"object_id\":37,\"object_type_id\":1,\"label\":\"Url\",\"object_type_key\":\"input-text\",\"key\":4,\"value\":null}},\"ger\":\"\"}', 79, '2023-03-20 09:43:30', NULL, '2023-03-20 09:43:30');
INSERT INTO `custom_pages` VALUES (64, '{\"ka\":{\"657f3f2f78a1\":{\"object_id\":37,\"object_type_id\":1,\"label\":\"Title\",\"object_type_key\":\"input-text\",\"key\":1,\"value\":\"maxingraphic\"},\"4904d7ee7d72\":{\"object_id\":37,\"object_type_id\":2,\"label\":\"Text\",\"object_type_key\":\"textarea\",\"key\":2,\"value\":null},\"9aa541798ec4\":{\"object_id\":37,\"object_type_id\":4,\"label\":\"Image upload\",\"object_type_key\":\"gallery\",\"key\":3,\"value\":null},\"396d54b03691\":{\"object_id\":37,\"object_type_id\":1,\"label\":\"Url\",\"object_type_key\":\"input-text\",\"key\":4,\"value\":null}},\"ger\":\"\"}', 80, '2023-03-20 09:44:08', NULL, '2023-03-20 09:44:08');
INSERT INTO `custom_pages` VALUES (65, '{\"ka\":{\"b8cabbeab076\":{\"object_id\":41,\"object_type_id\":1,\"label\":\"Title\",\"object_type_key\":\"input-text\",\"key\":1,\"value\":\"Gabriel Denis\"},\"6a9405853f40\":{\"object_id\":41,\"object_type_id\":2,\"label\":\"Textarea\",\"object_type_key\":\"textarea\",\"key\":2,\"value\":\"Chairman, OKT\"},\"64aac0ef50f0\":{\"object_id\":41,\"object_type_id\":3,\"label\":\"Full text\",\"object_type_key\":\"rich-text-editor\",\"key\":3,\"value\":\"<p>Question ran over her cheek When she reached the first hills of the Italic Mountains, she had a last\\nview back on the skyline of her hometown Bookmarksgrove, the headline of Alphabet Village and the\\nsubline of her own road.<\\/p><p><br><\\/p>\"},\"538b26d2d95e\":{\"object_id\":41,\"object_type_id\":4,\"label\":\"Image upload\",\"object_type_key\":\"gallery\",\"key\":4,\"value\":null}},\"ger\":\"\"}', 72, '2023-03-20 09:45:44', NULL, '2023-03-20 09:50:09');
INSERT INTO `custom_pages` VALUES (66, '{\"ka\":{\"b8cabbeab076\":{\"object_id\":41,\"object_type_id\":1,\"label\":\"Title\",\"object_type_key\":\"input-text\",\"key\":1,\"value\":\"Weldon Cash\"},\"6a9405853f40\":{\"object_id\":41,\"object_type_id\":2,\"label\":\"Textarea\",\"object_type_key\":\"textarea\",\"key\":2,\"value\":\"CFO, First Choice\"},\"64aac0ef50f0\":{\"object_id\":41,\"object_type_id\":3,\"label\":\"Full text\",\"object_type_key\":\"rich-text-editor\",\"key\":3,\"value\":\"<p>Lorem ipsum dolor sit amet, consectetur adipisicing elit, sed do eiusmod tempor inci done idunt ut labore et dolore magna aliqua. Ut enim ad minim veniam, quis nostrud exercitoa tion ullamco laboris nisi aliquip consequat.<\\/p>\"},\"538b26d2d95e\":{\"object_id\":41,\"object_type_id\":4,\"label\":\"Image upload\",\"object_type_key\":\"gallery\",\"key\":4,\"value\":null}},\"ger\":\"\"}', 73, '2023-03-20 09:46:05', NULL, '2023-03-20 10:08:22');
INSERT INTO `custom_pages` VALUES (67, '{\"ka\":{\"b8cabbeab076\":{\"object_id\":41,\"object_type_id\":1,\"label\":\"Title\",\"object_type_key\":\"input-text\",\"key\":1,\"value\":\"Minter Puchan\"},\"6a9405853f40\":{\"object_id\":41,\"object_type_id\":2,\"label\":\"Textarea\",\"object_type_key\":\"textarea\",\"key\":2,\"value\":\"Director, AKT\"},\"64aac0ef50f0\":{\"object_id\":41,\"object_type_id\":3,\"label\":\"Full text\",\"object_type_key\":\"rich-text-editor\",\"key\":3,\"value\":\"<p>Lorem ipsum dolor sit amet, consectetur adipisicing elit, sed do eiusmod tempor inci done idunt ut labore et dolore magna aliqua. Ut enim ad minim veniam, quis nostrud exercitoa tion ullamco laboris nisi ut commodo consequat.<\\/p>\"},\"538b26d2d95e\":{\"object_id\":41,\"object_type_id\":4,\"label\":\"Image upload\",\"object_type_key\":\"gallery\",\"key\":4,\"value\":null}},\"ger\":\"\"}', 74, '2023-03-20 09:46:20', NULL, '2023-03-20 09:52:34');
INSERT INTO `custom_pages` VALUES (68, '{\"ka\":{\"334b0636b035\":{\"object_id\":40,\"object_type_id\":1,\"label\":\"Title\",\"object_type_key\":\"input-text\",\"key\":1,\"value\":\"Projects\"}},\"ger\":\"\"}', 82, '2023-03-20 10:51:24', NULL, '2023-03-20 10:51:24');
INSERT INTO `custom_pages` VALUES (69, '{\"ka\":{\"b8cabbeab076\":{\"object_id\":41,\"object_type_id\":1,\"label\":\"Title\",\"object_type_key\":\"input-text\",\"key\":1,\"value\":\"We Just Completes $17.6 Million Medical Clinic In Mid-Missouri\"},\"6a9405853f40\":{\"object_id\":41,\"object_type_id\":2,\"label\":\"Textarea\",\"object_type_key\":\"textarea\",\"key\":2,\"value\":\"Lorem ipsum dolor sit amet, consectetur adipisicing elit, sed do eiusmod tempor incididunt ut labore et dolore magna aliqua. Ut enim ad minim veniam, quis nostrud exercitation ullamco laboris nisi ut aliquip ex ea commodo consequat. Duis aute irure dolor in reprehenderit in voluptate velit esse cillum dolore eu fugiat nulla pariatur. Excepteur ...\"},\"64aac0ef50f0\":{\"object_id\":41,\"object_type_id\":3,\"label\":\"Full text\",\"object_type_key\":\"rich-text-editor\",\"key\":3,\"value\":\"<p>Lorem ipsum dolor sit amet, consectetur adipisicing elit, sed do eiusmod tempor incididunt ut labore et dolore magna aliqua. Ut enim ad minim veniam, quis nostrud exercitation ullamco laboris nisi ut aliquip ex ea commodo consequat. Duis aute irure dolor in reprehenderit in voluptate velit esse cillum dolore eu fugiat nulla pariatur.<\\/p><p>Kucididunt ut labore et dolore magna aliqua. Ut enim ad minim veniam, quis nostrud exercitation ullamco laboris nisi ut aliquip ex ea commodo consequat. Duis aute irure dolor in reprehenderit in voluptate velit esse cillum dolore eu fugiat nulla pariatur. Excepteur Lorem ipsum dolor sit amet, consectetur adipisicing elit, sed do<\\/p><p>Eiusmod tempor incididunt ut labore et dolore magna aliqua. Ut enim ad minim veniam, quis nostrud exercitation ullamco laboris nisi ut aliquip ex ea commodo consequat. Duis aute irure dolor in reprehenderit in voluptate velit esse cillum dolore eu fugiat nulla pariatur. Excepteur sint occaecat cupidatat non proident, sunt in culpa qui officia deserunt mollit anim id est laborum. Sed ut perspiciatis unde omnis iste natus error sit voluptatem accusantium doloremque laudantium.<\\/p><blockquote>Eiusmod tempor incididunt ut labore et dolore magna aliqua. Ut enim ad minim veniam, quis nostrud exercitation ullamco laboris nisi ut aliquip ex ea commodo consequat. Duis aute irure dolor.<br>- Anger Mathe<\\/blockquote><p>Totam rem aperiam, eaque ipsa quae ab illo inventore veritatis et quasi architecto beatae vitae dicta sunt explicabo. Nemo enim ipsam voluptatem quia voluptas sit aspernatur aut odit aut fugit, sed quia consequuntur magni dolores eos quira tione voluptatem sequi nesciunt. Neque porro quisquam est, qui dolorem ipsum quia dolor sit amet, consectetur, adipisci velit, sed quia non numquam eius modi tempora incidunt ue magnam aliquam quaerat voluptatem.<\\/p>\"},\"538b26d2d95e\":{\"object_id\":41,\"object_type_id\":4,\"label\":\"Image upload\",\"object_type_key\":\"gallery\",\"key\":4,\"value\":null}},\"ger\":\"\"}', 83, '2023-03-20 10:57:57', NULL, '2023-03-30 12:17:16');
INSERT INTO `custom_pages` VALUES (70, '{\"ka\":{\"b8cabbeab076\":{\"object_id\":41,\"object_type_id\":1,\"label\":\"Title\",\"object_type_key\":\"input-text\",\"key\":1,\"value\":\"Thandler Airport Water Reclamation Facility Expansion Project Named\"},\"6a9405853f40\":{\"object_id\":41,\"object_type_id\":2,\"label\":\"Textarea\",\"object_type_key\":\"textarea\",\"key\":2,\"value\":\"Lorem ipsum dolor sit amet, consectetur adipisicing elit, sed do eiusmod tempor incididunt ut labore et dolore magna aliqua. Ut enim ad minim veniam, quis nostrud exercitation ullamco laboris nisi ut aliquip ex ea commodo consequat. Duis aute irure dolor in reprehenderit in voluptate velit esse cillum dolore eu fugiat nulla pariatur. Excepteur ...\"},\"64aac0ef50f0\":{\"object_id\":41,\"object_type_id\":3,\"label\":\"Full text\",\"object_type_key\":\"rich-text-editor\",\"key\":3,\"value\":\"<p>Lorem ipsum dolor sit amet, consectetur adipisicing elit, sed do eiusmod tempor incididunt ut labore et dolore magna aliqua. Ut enim ad minim veniam, quis nostrud exercitation ullamco laboris nisi ut aliquip ex ea commodo consequat. Duis aute irure dolor in reprehenderit in voluptate velit esse cillum dolore eu fugiat nulla pariatur.<\\/p><p>Kucididunt ut labore et dolore magna aliqua. Ut enim ad minim veniam, quis nostrud exercitation ullamco laboris nisi ut aliquip ex ea commodo consequat. Duis aute irure dolor in reprehenderit in voluptate velit esse cillum dolore eu fugiat nulla pariatur. Excepteur Lorem ipsum dolor sit amet, consectetur adipisicing elit, sed do<\\/p><p>Eiusmod tempor incididunt ut labore et dolore magna aliqua. Ut enim ad minim veniam, quis nostrud exercitation ullamco laboris nisi ut aliquip ex ea commodo consequat. Duis aute irure dolor in reprehenderit in voluptate velit esse cillum dolore eu fugiat nulla pariatur. Excepteur sint occaecat cupidatat non proident, sunt in culpa qui officia deserunt mollit anim id est laborum. Sed ut perspiciatis unde omnis iste natus error sit voluptatem accusantium doloremque laudantium.<\\/p><blockquote>Eiusmod tempor incididunt ut labore et dolore magna aliqua. Ut enim ad minim veniam, quis nostrud exercitation ullamco laboris nisi ut aliquip ex ea commodo consequat. Duis aute irure dolor.<br>- Anger Mathe<\\/blockquote><p>Totam rem aperiam, eaque ipsa quae ab illo inventore veritatis et quasi architecto beatae vitae dicta sunt explicabo. Nemo enim ipsam voluptatem quia voluptas sit aspernatur aut odit aut fugit, sed quia consequuntur magni dolores eos quira tione voluptatem sequi nesciunt. Neque porro quisquam est, qui dolorem ipsum quia dolor sit amet, consectetur, adipisci velit, sed quia non numquam eius modi tempora incidunt ue magnam aliquam quaerat voluptatem.<\\/p>\"},\"538b26d2d95e\":{\"object_id\":41,\"object_type_id\":4,\"label\":\"Image upload\",\"object_type_key\":\"gallery\",\"key\":4,\"value\":null}},\"ger\":\"\"}', 84, '2023-03-20 10:58:58', NULL, '2023-03-20 10:58:58');
INSERT INTO `custom_pages` VALUES (71, '{\"ka\":{\"b8cabbeab076\":{\"object_id\":41,\"object_type_id\":1,\"label\":\"Title\",\"object_type_key\":\"input-text\",\"key\":1,\"value\":\"Silicon Bench And Cornike Begin Construction Of Large-Scale Solar Facilities For Trade\"},\"6a9405853f40\":{\"object_id\":41,\"object_type_id\":2,\"label\":\"Textarea\",\"object_type_key\":\"textarea\",\"key\":2,\"value\":\"Lorem ipsum dolor sit amet, consectetur adipisicing elit, sed do eiusmod tempor incididunt ut labore et dolore magna aliqua. Ut enim ad minim veniam, quis nostrud exercitation ullamco laboris nisi ut aliquip ex ea commodo consequat. Duis aute irure dolor in reprehenderit in voluptate velit esse cillum dolore eu fugiat nulla pariatur. Excepteur ...\\n\\n\"},\"64aac0ef50f0\":{\"object_id\":41,\"object_type_id\":3,\"label\":\"Full text\",\"object_type_key\":\"rich-text-editor\",\"key\":3,\"value\":\"<p>Lorem ipsum dolor sit amet, consectetur adipisicing elit, sed do eiusmod tempor incididunt ut labore et dolore magna aliqua. Ut enim ad minim veniam, quis nostrud exercitation ullamco laboris nisi ut aliquip ex ea commodo consequat. Duis aute irure dolor in reprehenderit in voluptate velit esse cillum dolore eu fugiat nulla pariatur.<\\/p><p>Kucididunt ut labore et dolore magna aliqua. Ut enim ad minim veniam, quis nostrud exercitation ullamco laboris nisi ut aliquip ex ea commodo consequat. Duis aute irure dolor in reprehenderit in voluptate velit esse cillum dolore eu fugiat nulla pariatur. Excepteur Lorem ipsum dolor sit amet, consectetur adipisicing elit, sed do<\\/p><p>Eiusmod tempor incididunt ut labore et dolore magna aliqua. Ut enim ad minim veniam, quis nostrud exercitation ullamco laboris nisi ut aliquip ex ea commodo consequat. Duis aute irure dolor in reprehenderit in voluptate velit esse cillum dolore eu fugiat nulla pariatur. Excepteur sint occaecat cupidatat non proident, sunt in culpa qui officia deserunt mollit anim id est laborum. Sed ut perspiciatis unde omnis iste natus error sit voluptatem accusantium doloremque laudantium.<\\/p><blockquote>Eiusmod tempor incididunt ut labore et dolore magna aliqua. Ut enim ad minim veniam, quis nostrud exercitation ullamco laboris nisi ut aliquip ex ea commodo consequat. Duis aute irure dolor.<br>- Anger Mathe<\\/blockquote><p>Totam rem aperiam, eaque ipsa quae ab illo inventore veritatis et quasi architecto beatae vitae dicta sunt explicabo. Nemo enim ipsam voluptatem quia voluptas sit aspernatur aut odit aut fugit, sed quia consequuntur magni dolores eos quira tione voluptatem sequi nesciunt. Neque porro quisquam est, qui dolorem ipsum quia dolor sit amet, consectetur, adipisci velit, sed quia non numquam eius modi tempora incidunt ue magnam aliquam quaerat voluptatem.<\\/p><h2>Airport<\\/h2>\"},\"538b26d2d95e\":{\"object_id\":41,\"object_type_id\":4,\"label\":\"Image upload\",\"object_type_key\":\"gallery\",\"key\":4,\"value\":null}},\"ger\":\"\"}', 85, '2023-03-20 10:59:39', NULL, '2023-03-30 11:55:04');
INSERT INTO `custom_pages` VALUES (73, '{\"ka\":{\"11f8bc158ef2\":{\"object_id\":34,\"object_type_id\":1,\"label\":\"Title\",\"object_type_key\":\"input-text\",\"key\":1,\"value\":\"child 1\"},\"b1fccafef4e3\":{\"object_id\":34,\"object_type_id\":2,\"label\":\"Textarea\",\"object_type_key\":\"textarea\",\"key\":2,\"value\":null},\"f069bea5a7a5\":{\"object_id\":34,\"object_type_id\":3,\"label\":\"Rich text editor\",\"object_type_key\":\"rich-text-editor\",\"key\":3,\"value\":null}},\"ger\":\"\"}', 87, '2023-03-20 12:01:57', NULL, '2023-03-20 12:01:57');
INSERT INTO `custom_pages` VALUES (74, '{\"ka\":{\"11f8bc158ef2\":{\"object_id\":34,\"object_type_id\":1,\"label\":\"Title\",\"object_type_key\":\"input-text\",\"key\":1,\"value\":\"child 2\"},\"b1fccafef4e3\":{\"object_id\":34,\"object_type_id\":2,\"label\":\"Textarea\",\"object_type_key\":\"textarea\",\"key\":2,\"value\":null},\"f069bea5a7a5\":{\"object_id\":34,\"object_type_id\":3,\"label\":\"Rich text editor\",\"object_type_key\":\"rich-text-editor\",\"key\":3,\"value\":null}},\"ger\":\"\"}', 88, '2023-03-20 12:02:56', NULL, '2023-03-20 12:02:56');
INSERT INTO `custom_pages` VALUES (75, '{\"ka\":{\"11f8bc158ef2\":{\"object_id\":34,\"object_type_id\":1,\"label\":\"Title\",\"object_type_key\":\"input-text\",\"key\":1,\"value\":\"child 3\"},\"b1fccafef4e3\":{\"object_id\":34,\"object_type_id\":2,\"label\":\"Textarea\",\"object_type_key\":\"textarea\",\"key\":2,\"value\":null},\"f069bea5a7a5\":{\"object_id\":34,\"object_type_id\":3,\"label\":\"Rich text editor\",\"object_type_key\":\"rich-text-editor\",\"key\":3,\"value\":null}},\"ger\":\"\"}', 89, '2023-03-20 12:03:04', NULL, '2023-03-20 12:03:04');
INSERT INTO `custom_pages` VALUES (76, '{\"ka\":{\"11f8bc158ef2\":{\"object_id\":34,\"object_type_id\":1,\"label\":\"Title\",\"object_type_key\":\"input-text\",\"key\":1,\"value\":\"sub child\"},\"b1fccafef4e3\":{\"object_id\":34,\"object_type_id\":2,\"label\":\"Textarea\",\"object_type_key\":\"textarea\",\"key\":2,\"value\":null},\"f069bea5a7a5\":{\"object_id\":34,\"object_type_id\":3,\"label\":\"Rich text editor\",\"object_type_key\":\"rich-text-editor\",\"key\":3,\"value\":null}},\"ger\":\"\"}', 90, '2023-03-20 12:04:00', NULL, '2023-03-20 12:04:00');
INSERT INTO `custom_pages` VALUES (79, '{\"ka\":{\"11f8bc158ef2\":{\"object_id\":34,\"object_type_id\":1,\"label\":\"Title\",\"object_type_key\":\"input-text\",\"key\":1,\"value\":\"ch 1\"},\"b1fccafef4e3\":{\"object_id\":34,\"object_type_id\":2,\"label\":\"Textarea\",\"object_type_key\":\"textarea\",\"key\":2,\"value\":null},\"f069bea5a7a5\":{\"object_id\":34,\"object_type_id\":3,\"label\":\"Rich text editor\",\"object_type_key\":\"rich-text-editor\",\"key\":3,\"value\":null}},\"ger\":\"\"}', 93, '2023-03-20 13:19:46', NULL, '2023-03-20 13:19:46');
INSERT INTO `custom_pages` VALUES (80, '{\"ka\":{\"11f8bc158ef2\":{\"object_id\":34,\"object_type_id\":1,\"label\":\"Title\",\"object_type_key\":\"input-text\",\"key\":1,\"value\":\"ch 1 sub\"},\"b1fccafef4e3\":{\"object_id\":34,\"object_type_id\":2,\"label\":\"Textarea\",\"object_type_key\":\"textarea\",\"key\":2,\"value\":null},\"f069bea5a7a5\":{\"object_id\":34,\"object_type_id\":3,\"label\":\"Rich text editor\",\"object_type_key\":\"rich-text-editor\",\"key\":3,\"value\":null}},\"ger\":\"\"}', 94, '2023-03-20 13:20:18', NULL, '2023-03-20 13:20:18');
INSERT INTO `custom_pages` VALUES (81, '{\"ka\":{\"11f8bc158ef2\":{\"object_id\":34,\"object_type_id\":1,\"label\":\"Title\",\"object_type_key\":\"input-text\",\"key\":1,\"value\":\"ch 1 sub sub\"},\"b1fccafef4e3\":{\"object_id\":34,\"object_type_id\":2,\"label\":\"Textarea\",\"object_type_key\":\"textarea\",\"key\":2,\"value\":null},\"f069bea5a7a5\":{\"object_id\":34,\"object_type_id\":3,\"label\":\"Rich text editor\",\"object_type_key\":\"rich-text-editor\",\"key\":3,\"value\":null}},\"ger\":\"\"}', 95, '2023-03-20 13:20:45', NULL, '2023-03-20 13:20:45');
INSERT INTO `custom_pages` VALUES (84, '{\"ka\":{\"11f8bc158ef2\":{\"object_id\":34,\"object_type_id\":1,\"label\":\"Title\",\"object_type_key\":\"input-text\",\"key\":1,\"value\":\"test template ch\"},\"b1fccafef4e3\":{\"object_id\":34,\"object_type_id\":2,\"label\":\"Textarea\",\"object_type_key\":\"textarea\",\"key\":2,\"value\":null},\"f069bea5a7a5\":{\"object_id\":34,\"object_type_id\":3,\"label\":\"Rich text editor\",\"object_type_key\":\"rich-text-editor\",\"key\":3,\"value\":null}},\"ger\":\"\"}', 98, '2023-03-20 17:37:07', NULL, '2023-03-20 17:54:57');
INSERT INTO `custom_pages` VALUES (85, '{\"ka\":{\"11f8bc158ef2\":{\"object_id\":34,\"object_type_id\":1,\"label\":\"Title\",\"object_type_key\":\"input-text\",\"key\":1,\"value\":\"sdfsdf\"},\"b1fccafef4e3\":{\"object_id\":34,\"object_type_id\":2,\"label\":\"Textarea\",\"object_type_key\":\"textarea\",\"key\":2,\"value\":null},\"f069bea5a7a5\":{\"object_id\":34,\"object_type_id\":3,\"label\":\"Rich text editor\",\"object_type_key\":\"rich-text-editor\",\"key\":3,\"value\":null}},\"ger\":\"\"}', 99, '2023-03-20 17:37:53', NULL, '2023-03-20 17:37:53');
INSERT INTO `custom_pages` VALUES (86, '{\"ka\":{\"11f8bc158ef2\":{\"object_id\":34,\"object_type_id\":1,\"label\":\"Title\",\"object_type_key\":\"input-text\",\"key\":1,\"value\":\"dfgdfg\"},\"b1fccafef4e3\":{\"object_id\":34,\"object_type_id\":2,\"label\":\"Textarea\",\"object_type_key\":\"textarea\",\"key\":2,\"value\":\"dfgdfg\"},\"f069bea5a7a5\":{\"object_id\":34,\"object_type_id\":3,\"label\":\"Rich text editor\",\"object_type_key\":\"rich-text-editor\",\"key\":3,\"value\":null}},\"ger\":\"\"}', 100, '2023-03-20 17:39:15', NULL, '2023-03-20 17:39:15');
INSERT INTO `custom_pages` VALUES (87, '{\"ka\":{\"11f8bc158ef2\":{\"object_id\":34,\"object_type_id\":1,\"label\":\"Title\",\"object_type_key\":\"input-text\",\"key\":1,\"value\":\"fgdfg\"},\"b1fccafef4e3\":{\"object_id\":34,\"object_type_id\":2,\"label\":\"Textarea\",\"object_type_key\":\"textarea\",\"key\":2,\"value\":\"dfgdfg\"},\"f069bea5a7a5\":{\"object_id\":34,\"object_type_id\":3,\"label\":\"Rich text editor\",\"object_type_key\":\"rich-text-editor\",\"key\":3,\"value\":\"<p>dfgdfg<\\/p>\"}},\"ger\":\"\"}', 101, '2023-03-20 17:40:54', NULL, '2023-03-20 17:41:07');
INSERT INTO `custom_pages` VALUES (93, '{\"ka\":{\"11f8bc158ef2\":{\"object_id\":34,\"object_type_id\":1,\"label\":\"Title\",\"object_type_key\":\"input-text\",\"key\":1,\"value\":\"ch sub\"},\"b1fccafef4e3\":{\"object_id\":34,\"object_type_id\":2,\"label\":\"Textarea\",\"object_type_key\":\"textarea\",\"key\":2,\"value\":null},\"f069bea5a7a5\":{\"object_id\":34,\"object_type_id\":3,\"label\":\"Rich text editor\",\"object_type_key\":\"rich-text-editor\",\"key\":3,\"value\":null}},\"ger\":\"\"}', 116, '2023-03-21 12:00:21', NULL, '2023-03-21 12:25:35');
INSERT INTO `custom_pages` VALUES (99, '{\"ka\":{\"11f8bc158ef2\":{\"object_id\":34,\"object_type_id\":1,\"label\":\"Title\",\"object_type_key\":\"input-text\",\"key\":1,\"value\":\"ch 1\"},\"b1fccafef4e3\":{\"object_id\":34,\"object_type_id\":2,\"label\":\"Textarea\",\"object_type_key\":\"textarea\",\"key\":2,\"value\":null},\"f069bea5a7a5\":{\"object_id\":34,\"object_type_id\":3,\"label\":\"Rich text editor\",\"object_type_key\":\"rich-text-editor\",\"key\":3,\"value\":null}},\"ger\":\"\"}', 137, '2023-03-21 12:17:23', NULL, '2023-03-21 12:17:23');
INSERT INTO `custom_pages` VALUES (101, '{\"ka\":{\"11f8bc158ef2\":{\"object_id\":34,\"object_type_id\":1,\"label\":\"Title\",\"object_type_key\":\"input-text\",\"key\":1,\"value\":\"ch 1\"},\"b1fccafef4e3\":{\"object_id\":34,\"object_type_id\":2,\"label\":\"Textarea\",\"object_type_key\":\"textarea\",\"key\":2,\"value\":null},\"f069bea5a7a5\":{\"object_id\":34,\"object_type_id\":3,\"label\":\"Rich text editor\",\"object_type_key\":\"rich-text-editor\",\"key\":3,\"value\":null}},\"ger\":\"\"}', 140, '2023-03-21 12:24:40', NULL, '2023-03-21 12:24:40');
INSERT INTO `custom_pages` VALUES (102, '{\"ka\":{\"11f8bc158ef2\":{\"object_id\":34,\"object_type_id\":1,\"label\":\"Title\",\"object_type_key\":\"input-text\",\"key\":1,\"value\":\"ch sub-Copy\"},\"b1fccafef4e3\":{\"object_id\":34,\"object_type_id\":2,\"label\":\"Textarea\",\"object_type_key\":\"textarea\",\"key\":2,\"value\":null},\"f069bea5a7a5\":{\"object_id\":34,\"object_type_id\":3,\"label\":\"Rich text editor\",\"object_type_key\":\"rich-text-editor\",\"key\":3,\"value\":null}},\"ger\":\"\"}', 119, '2023-03-21 12:25:50', NULL, '2023-03-21 12:25:50');
INSERT INTO `custom_pages` VALUES (104, '{\"ka\":{\"11f8bc158ef2\":{\"object_id\":34,\"object_type_id\":1,\"label\":\"Title\",\"object_type_key\":\"input-text\",\"key\":1,\"value\":\"ch sub\"},\"b1fccafef4e3\":{\"object_id\":34,\"object_type_id\":2,\"label\":\"Textarea\",\"object_type_key\":\"textarea\",\"key\":2,\"value\":null},\"f069bea5a7a5\":{\"object_id\":34,\"object_type_id\":3,\"label\":\"Rich text editor\",\"object_type_key\":\"rich-text-editor\",\"key\":3,\"value\":null}},\"ger\":\"\"}', 143, '2023-03-21 12:26:07', NULL, '2023-03-21 12:26:07');
INSERT INTO `custom_pages` VALUES (105, '{\"ka\":{\"11f8bc158ef2\":{\"object_id\":34,\"object_type_id\":1,\"label\":\"Title\",\"object_type_key\":\"input-text\",\"key\":1,\"value\":\"ch sub-Copy\"},\"b1fccafef4e3\":{\"object_id\":34,\"object_type_id\":2,\"label\":\"Textarea\",\"object_type_key\":\"textarea\",\"key\":2,\"value\":null},\"f069bea5a7a5\":{\"object_id\":34,\"object_type_id\":3,\"label\":\"Rich text editor\",\"object_type_key\":\"rich-text-editor\",\"key\":3,\"value\":null}},\"ger\":\"\"}', 144, '2023-03-21 12:26:07', NULL, '2023-03-21 12:26:07');
INSERT INTO `custom_pages` VALUES (106, '{\"ka\":{\"11f8bc158ef2\":{\"object_id\":34,\"object_type_id\":1,\"label\":\"Title\",\"object_type_key\":\"input-text\",\"key\":1,\"value\":\"ch sub\"},\"b1fccafef4e3\":{\"object_id\":34,\"object_type_id\":2,\"label\":\"Textarea\",\"object_type_key\":\"textarea\",\"key\":2,\"value\":null},\"f069bea5a7a5\":{\"object_id\":34,\"object_type_id\":3,\"label\":\"Rich text editor\",\"object_type_key\":\"rich-text-editor\",\"key\":3,\"value\":null}},\"ger\":\"\"}', 145, '2023-03-21 12:26:42', NULL, '2023-03-21 12:26:42');
INSERT INTO `custom_pages` VALUES (108, '{\"ka\":{\"11f8bc158ef2\":{\"object_id\":34,\"object_type_id\":1,\"label\":\"Title\",\"object_type_key\":\"input-text\",\"key\":1,\"value\":\"ch 1\"},\"b1fccafef4e3\":{\"object_id\":34,\"object_type_id\":2,\"label\":\"Textarea\",\"object_type_key\":\"textarea\",\"key\":2,\"value\":null},\"f069bea5a7a5\":{\"object_id\":34,\"object_type_id\":3,\"label\":\"Rich text editor\",\"object_type_key\":\"rich-text-editor\",\"key\":3,\"value\":null}},\"ger\":\"\"}', 147, '2023-03-21 12:27:52', NULL, '2023-03-21 12:27:52');
INSERT INTO `custom_pages` VALUES (109, '{\"ka\":{\"11f8bc158ef2\":{\"object_id\":34,\"object_type_id\":1,\"label\":\"Title\",\"object_type_key\":\"input-text\",\"key\":1,\"value\":\"ch 1\"},\"b1fccafef4e3\":{\"object_id\":34,\"object_type_id\":2,\"label\":\"Textarea\",\"object_type_key\":\"textarea\",\"key\":2,\"value\":null},\"f069bea5a7a5\":{\"object_id\":34,\"object_type_id\":3,\"label\":\"Rich text editor\",\"object_type_key\":\"rich-text-editor\",\"key\":3,\"value\":null}},\"ger\":\"\"}', 148, '2023-03-21 12:27:52', NULL, '2023-03-21 12:27:52');
INSERT INTO `custom_pages` VALUES (111, '{\"ka\":{\"11f8bc158ef2\":{\"object_id\":34,\"object_type_id\":1,\"label\":\"Title\",\"object_type_key\":\"input-text\",\"key\":1,\"value\":\"ch 1\"},\"b1fccafef4e3\":{\"object_id\":34,\"object_type_id\":2,\"label\":\"Textarea\",\"object_type_key\":\"textarea\",\"key\":2,\"value\":null},\"f069bea5a7a5\":{\"object_id\":34,\"object_type_id\":3,\"label\":\"Rich text editor\",\"object_type_key\":\"rich-text-editor\",\"key\":3,\"value\":null}},\"ger\":\"\"}', 150, '2023-03-21 12:28:13', NULL, '2023-03-21 12:28:13');
INSERT INTO `custom_pages` VALUES (112, '{\"ka\":{\"11f8bc158ef2\":{\"object_id\":34,\"object_type_id\":1,\"label\":\"Title\",\"object_type_key\":\"input-text\",\"key\":1,\"value\":\"ch 1\"},\"b1fccafef4e3\":{\"object_id\":34,\"object_type_id\":2,\"label\":\"Textarea\",\"object_type_key\":\"textarea\",\"key\":2,\"value\":null},\"f069bea5a7a5\":{\"object_id\":34,\"object_type_id\":3,\"label\":\"Rich text editor\",\"object_type_key\":\"rich-text-editor\",\"key\":3,\"value\":null}},\"ger\":\"\"}', 151, '2023-03-21 12:28:13', NULL, '2023-03-21 12:28:13');
INSERT INTO `custom_pages` VALUES (114, '{\"ka\":{\"11f8bc158ef2\":{\"object_id\":34,\"object_type_id\":1,\"label\":\"Title\",\"object_type_key\":\"input-text\",\"key\":1,\"value\":\"ch 1\"},\"b1fccafef4e3\":{\"object_id\":34,\"object_type_id\":2,\"label\":\"Textarea\",\"object_type_key\":\"textarea\",\"key\":2,\"value\":null},\"f069bea5a7a5\":{\"object_id\":34,\"object_type_id\":3,\"label\":\"Rich text editor\",\"object_type_key\":\"rich-text-editor\",\"key\":3,\"value\":null}},\"ger\":\"\"}', 153, '2023-03-21 12:29:03', NULL, '2023-03-21 12:29:03');
INSERT INTO `custom_pages` VALUES (119, '{\"ka\":{\"b8cabbeab076\":{\"object_id\":41,\"object_type_id\":1,\"label\":\"Title\",\"object_type_key\":\"input-text\",\"key\":1,\"value\":\"We Just Completes $17.6 Million Medical Clinic In Mid-Missouri\"},\"6a9405853f40\":{\"object_id\":41,\"object_type_id\":2,\"label\":\"Textarea\",\"object_type_key\":\"textarea\",\"key\":2,\"value\":\"Lorem ipsum dolor sit amet, consectetur adipisicing elit, sed do eiusmod tempor incididunt ut labore et dolore magna aliqua. Ut enim ad minim veniam, quis nostrud exercitation ullamco laboris nisi ut aliquip ex ea commodo consequat. Duis aute irure dolor in reprehenderit in voluptate velit esse cillum dolore eu fugiat nulla pariatur. Excepteur ...\"},\"64aac0ef50f0\":{\"object_id\":41,\"object_type_id\":3,\"label\":\"Full text\",\"object_type_key\":\"rich-text-editor\",\"key\":3,\"value\":\"<p>Lorem ipsum dolor sit amet, consectetur adipisicing elit, sed do eiusmod tempor incididunt ut labore et dolore magna aliqua. Ut enim ad minim veniam, quis nostrud exercitation ullamco laboris nisi ut aliquip ex ea commodo consequat. Duis aute irure dolor in reprehenderit in voluptate velit esse cillum dolore eu fugiat nulla pariatur.<\\/p><p>Kucididunt ut labore et dolore magna aliqua. Ut enim ad minim veniam, quis nostrud exercitation ullamco laboris nisi ut aliquip ex ea commodo consequat. Duis aute irure dolor in reprehenderit in voluptate velit esse cillum dolore eu fugiat nulla pariatur. Excepteur Lorem ipsum dolor sit amet, consectetur adipisicing elit, sed do<\\/p><p>Eiusmod tempor incididunt ut labore et dolore magna aliqua. Ut enim ad minim veniam, quis nostrud exercitation ullamco laboris nisi ut aliquip ex ea commodo consequat. Duis aute irure dolor in reprehenderit in voluptate velit esse cillum dolore eu fugiat nulla pariatur. Excepteur sint occaecat cupidatat non proident, sunt in culpa qui officia deserunt mollit anim id est laborum. Sed ut perspiciatis unde omnis iste natus error sit voluptatem accusantium doloremque laudantium.<\\/p><blockquote>Eiusmod tempor incididunt ut labore et dolore magna aliqua. Ut enim ad minim veniam, quis nostrud exercitation ullamco laboris nisi ut aliquip ex ea commodo consequat. Duis aute irure dolor.<br>- Anger Mathe<\\/blockquote><p>Totam rem aperiam, eaque ipsa quae ab illo inventore veritatis et quasi architecto beatae vitae dicta sunt explicabo. Nemo enim ipsam voluptatem quia voluptas sit aspernatur aut odit aut fugit, sed quia consequuntur magni dolores eos quira tione voluptatem sequi nesciunt. Neque porro quisquam est, qui dolorem ipsum quia dolor sit amet, consectetur, adipisci velit, sed quia non numquam eius modi tempora incidunt ue magnam aliquam quaerat voluptatem.<\\/p>\"},\"538b26d2d95e\":{\"object_id\":41,\"object_type_id\":4,\"label\":\"Image upload\",\"object_type_key\":\"gallery\",\"key\":4,\"value\":null}},\"ger\":\"\"}', 159, '2023-03-21 13:13:31', NULL, '2023-03-21 13:13:31');
INSERT INTO `custom_pages` VALUES (120, '{\"ka\":{\"b8cabbeab076\":{\"object_id\":41,\"object_type_id\":1,\"label\":\"Title\",\"object_type_key\":\"input-text\",\"key\":1,\"value\":\"Thandler Airport Water Reclamation Facility Expansion Project Named\"},\"6a9405853f40\":{\"object_id\":41,\"object_type_id\":2,\"label\":\"Textarea\",\"object_type_key\":\"textarea\",\"key\":2,\"value\":\"Lorem ipsum dolor sit amet, consectetur adipisicing elit, sed do eiusmod tempor incididunt ut labore et dolore magna aliqua. Ut enim ad minim veniam, quis nostrud exercitation ullamco laboris nisi ut aliquip ex ea commodo consequat. Duis aute irure dolor in reprehenderit in voluptate velit esse cillum dolore eu fugiat nulla pariatur. Excepteur ...\"},\"64aac0ef50f0\":{\"object_id\":41,\"object_type_id\":3,\"label\":\"Full text\",\"object_type_key\":\"rich-text-editor\",\"key\":3,\"value\":\"<p>Lorem ipsum dolor sit amet, consectetur adipisicing elit, sed do eiusmod tempor incididunt ut labore et dolore magna aliqua. Ut enim ad minim veniam, quis nostrud exercitation ullamco laboris nisi ut aliquip ex ea commodo consequat. Duis aute irure dolor in reprehenderit in voluptate velit esse cillum dolore eu fugiat nulla pariatur.<\\/p><p>Kucididunt ut labore et dolore magna aliqua. Ut enim ad minim veniam, quis nostrud exercitation ullamco laboris nisi ut aliquip ex ea commodo consequat. Duis aute irure dolor in reprehenderit in voluptate velit esse cillum dolore eu fugiat nulla pariatur. Excepteur Lorem ipsum dolor sit amet, consectetur adipisicing elit, sed do<\\/p><p>Eiusmod tempor incididunt ut labore et dolore magna aliqua. Ut enim ad minim veniam, quis nostrud exercitation ullamco laboris nisi ut aliquip ex ea commodo consequat. Duis aute irure dolor in reprehenderit in voluptate velit esse cillum dolore eu fugiat nulla pariatur. Excepteur sint occaecat cupidatat non proident, sunt in culpa qui officia deserunt mollit anim id est laborum. Sed ut perspiciatis unde omnis iste natus error sit voluptatem accusantium doloremque laudantium.<\\/p><blockquote>Eiusmod tempor incididunt ut labore et dolore magna aliqua. Ut enim ad minim veniam, quis nostrud exercitation ullamco laboris nisi ut aliquip ex ea commodo consequat. Duis aute irure dolor.<br>- Anger Mathe<\\/blockquote><p>Totam rem aperiam, eaque ipsa quae ab illo inventore veritatis et quasi architecto beatae vitae dicta sunt explicabo. Nemo enim ipsam voluptatem quia voluptas sit aspernatur aut odit aut fugit, sed quia consequuntur magni dolores eos quira tione voluptatem sequi nesciunt. Neque porro quisquam est, qui dolorem ipsum quia dolor sit amet, consectetur, adipisci velit, sed quia non numquam eius modi tempora incidunt ue magnam aliquam quaerat voluptatem.<\\/p>\"},\"538b26d2d95e\":{\"object_id\":41,\"object_type_id\":4,\"label\":\"Image upload\",\"object_type_key\":\"gallery\",\"key\":4,\"value\":null}},\"ger\":\"\"}', 160, '2023-03-21 13:13:31', NULL, '2023-03-21 13:13:31');
INSERT INTO `custom_pages` VALUES (121, '{\"ka\":{\"b8cabbeab076\":{\"object_id\":41,\"object_type_id\":1,\"label\":\"Title\",\"object_type_key\":\"input-text\",\"key\":1,\"value\":\"Silicon Bench And Cornike Begin Construction Of Large-Scale Solar Facilities For Trade\"},\"6a9405853f40\":{\"object_id\":41,\"object_type_id\":2,\"label\":\"Textarea\",\"object_type_key\":\"textarea\",\"key\":2,\"value\":\"Lorem ipsum dolor sit amet, consectetur adipisicing elit, sed do eiusmod tempor incididunt ut labore et dolore magna aliqua. Ut enim ad minim veniam, quis nostrud exercitation ullamco laboris nisi ut aliquip ex ea commodo consequat. Duis aute irure dolor in reprehenderit in voluptate velit esse cillum dolore eu fugiat nulla pariatur. Excepteur ...\"},\"64aac0ef50f0\":{\"object_id\":41,\"object_type_id\":3,\"label\":\"Full text\",\"object_type_key\":\"rich-text-editor\",\"key\":3,\"value\":\"<p>Lorem ipsum dolor sit amet, consectetur adipisicing elit, sed do eiusmod tempor incididunt ut labore et dolore magna aliqua. Ut enim ad minim veniam, quis nostrud exercitation ullamco laboris nisi ut aliquip ex ea commodo consequat. Duis aute irure dolor in reprehenderit in voluptate velit esse cillum dolore eu fugiat nulla pariatur.<\\/p><p>Kucididunt ut labore et dolore magna aliqua. Ut enim ad minim veniam, quis nostrud exercitation ullamco laboris nisi ut aliquip ex ea commodo consequat. Duis aute irure dolor in reprehenderit in voluptate velit esse cillum dolore eu fugiat nulla pariatur. Excepteur Lorem ipsum dolor sit amet, consectetur adipisicing elit, sed do<\\/p><p>Eiusmod tempor incididunt ut labore et dolore magna aliqua. Ut enim ad minim veniam, quis nostrud exercitation ullamco laboris nisi ut aliquip ex ea commodo consequat. Duis aute irure dolor in reprehenderit in voluptate velit esse cillum dolore eu fugiat nulla pariatur. Excepteur sint occaecat cupidatat non proident, sunt in culpa qui officia deserunt mollit anim id est laborum. Sed ut perspiciatis unde omnis iste natus error sit voluptatem accusantium doloremque laudantium.<\\/p><blockquote>Eiusmod tempor incididunt ut labore et dolore magna aliqua. Ut enim ad minim veniam, quis nostrud exercitation ullamco laboris nisi ut aliquip ex ea commodo consequat. Duis aute irure dolor.<br>- Anger Mathe<\\/blockquote><p>Totam rem aperiam, eaque ipsa quae ab illo inventore veritatis et quasi architecto beatae vitae dicta sunt explicabo. Nemo enim ipsam voluptatem quia voluptas sit aspernatur aut odit aut fugit, sed quia consequuntur magni dolores eos quira tione voluptatem sequi nesciunt. Neque porro quisquam est, qui dolorem ipsum quia dolor sit amet, consectetur, adipisci velit, sed quia non numquam eius modi tempora incidunt ue magnam aliquam quaerat voluptatem.<\\/p>\"},\"538b26d2d95e\":{\"object_id\":41,\"object_type_id\":4,\"label\":\"Image upload\",\"object_type_key\":\"gallery\",\"key\":4,\"value\":null}},\"ger\":\"\"}', 161, '2023-03-21 13:13:31', NULL, '2023-03-21 13:13:31');
INSERT INTO `custom_pages` VALUES (122, '{\"ka\":{\"334b0636b035\":{\"object_id\":40,\"object_type_id\":1,\"label\":\"Title\",\"object_type_key\":\"input-text\",\"key\":1,\"value\":\"Services\"}},\"ger\":\"\"}', 162, '2023-03-21 13:28:27', NULL, '2023-03-21 13:28:27');
INSERT INTO `custom_pages` VALUES (123, '{\"ka\":{\"58abe5b1b9f6\":{\"object_id\":45,\"object_type_id\":1,\"label\":\"Title\",\"object_type_key\":\"input-text\",\"key\":1,\"value\":\"BUILDING REMODELS\"},\"250d760e0529\":{\"object_id\":45,\"object_type_id\":2,\"label\":\"text\",\"object_type_key\":\"textarea\",\"key\":2,\"value\":\"\"},\"d1e850fad9a5\":{\"object_id\":45,\"object_type_id\":3,\"label\":\"Full text\",\"object_type_key\":\"rich-text-editor\",\"key\":3,\"value\":\"<p>Lorem ipsum dolor sit amet, consectetur adipiscing elit. Integer adipiscing erat eget risus sollicitudin pellentesque et non erat. Maecenas nibh dolor, malesuada et bibendum a, sagittis accumsan ipsum. Pellentesque ultrices ultrices sapien.&nbsp; exterior<\\/p><p>Nam scelerisque tristique dolor vitae tincidunt. Aenean quis massa uada mi elementum elementum. , nec tincidunt nunc posuere ut. Lorem ipsum dolor sit amet, consectetur adipiscing elit. Nulla commodo iaculis ligula, ac dapibus quam ornare ut. Praesent ac hendrerit sem, et tempus sem renovation exterior<\\/p>\"},\"c89e10699ee8\":{\"object_id\":45,\"object_type_id\":4,\"label\":\"Gallery\",\"object_type_key\":\"gallery\",\"key\":4,\"value\":null}},\"ger\":\"\"}', 163, '2023-03-21 13:35:44', NULL, '2023-03-29 18:47:28');
INSERT INTO `custom_pages` VALUES (124, '{\"ka\":{\"58abe5b1b9f6\":{\"object_id\":45,\"object_type_id\":1,\"label\":\"Title\",\"object_type_key\":\"input-text\",\"key\":1,\"value\":\"ZERO HARM EVERYDAY\"},\"250d760e0529\":{\"object_id\":45,\"object_type_id\":2,\"label\":\"text\",\"object_type_key\":\"textarea\",\"key\":2,\"value\":null},\"d1e850fad9a5\":{\"object_id\":45,\"object_type_id\":3,\"label\":\"Full text\",\"object_type_key\":\"rich-text-editor\",\"key\":3,\"value\":\"<p>You have ideas, goals, and dreams. We have a culturally diverse, forward thinking team looking for talent like. Lorem ipsum dolor suscipit. renovation<\\/p>\"},\"c89e10699ee8\":{\"object_id\":45,\"object_type_id\":4,\"label\":\"Gallery\",\"object_type_key\":\"gallery\",\"key\":4,\"value\":null}},\"ger\":\"\"}', 164, '2023-03-21 13:36:09', NULL, '2023-03-29 17:39:07');
INSERT INTO `custom_pages` VALUES (125, '{\"ka\":{\"58abe5b1b9f6\":{\"object_id\":45,\"object_type_id\":1,\"label\":\"Title\",\"object_type_key\":\"input-text\",\"key\":1,\"value\":\"VIRTUAL CONSTRUCTION\"},\"250d760e0529\":{\"object_id\":45,\"object_type_id\":2,\"label\":\"text\",\"object_type_key\":\"textarea\",\"key\":2,\"value\":\"\"},\"d1e850fad9a5\":{\"object_id\":45,\"object_type_id\":3,\"label\":\"Full text\",\"object_type_key\":\"rich-text-editor\",\"key\":3,\"value\":\"<p>You have ideas, goals, and dreams. We have a culturally diverse, forward thinking team looking for talent like. Lorem ipsum dolor suscipit.!!!<\\/p>\"},\"c89e10699ee8\":{\"object_id\":45,\"object_type_id\":4,\"label\":\"Gallery\",\"object_type_key\":\"gallery\",\"key\":4,\"value\":null}},\"ger\":\"\"}', 165, '2023-03-21 13:38:35', NULL, '2023-03-22 16:23:24');
INSERT INTO `custom_pages` VALUES (127, '{\"ka\":{\"58abe5b1b9f6\":{\"object_id\":45,\"object_type_id\":1,\"label\":\"Title\",\"object_type_key\":\"input-text\",\"key\":1,\"value\":\"RENOVATION\"},\"250d760e0529\":{\"object_id\":45,\"object_type_id\":2,\"label\":\"text\",\"object_type_key\":\"textarea\",\"key\":2,\"value\":null},\"d1e850fad9a5\":{\"object_id\":45,\"object_type_id\":3,\"label\":\"Full text\",\"object_type_key\":\"rich-text-editor\",\"key\":3,\"value\":\"<p>You have ideas, goals, and dreams. We have a culturally diverse, forward thinking team looking for talent like. Lorem ipsum dolor suscipit.<\\/p>\"},\"c89e10699ee8\":{\"object_id\":45,\"object_type_id\":4,\"label\":\"Gallery\",\"object_type_key\":\"gallery\",\"key\":4,\"value\":null}},\"ger\":\"\"}', 167, '2023-03-21 13:39:13', NULL, '2023-03-21 16:20:26');
INSERT INTO `custom_pages` VALUES (128, '{\"ka\":{\"58abe5b1b9f6\":{\"object_id\":45,\"object_type_id\":1,\"label\":\"Title\",\"object_type_key\":\"input-text\",\"key\":1,\"value\":\"EXTERIOR DESIGN\"},\"250d760e0529\":{\"object_id\":45,\"object_type_id\":2,\"label\":\"text\",\"object_type_key\":\"textarea\",\"key\":2,\"value\":null},\"d1e850fad9a5\":{\"object_id\":45,\"object_type_id\":3,\"label\":\"Full text\",\"object_type_key\":\"rich-text-editor\",\"key\":3,\"value\":\"<p>Lorem ipsum dolor sit amet, consectetur adipiscing elit. Integer adipiscing erat eget risus sollicitudin pellentesque et non erat. Maecenas nibh dolor, malesuada et bibendum a, sagittis accumsan ipsum. Pellentesque ultrices ultrices sapien. renovation<\\/p><p>Nam scelerisque tristique dolor vitae tincidunt. Aenean quis massa uada mi elementum elementum. , nec tincidunt nunc posuere ut. Lorem ipsum dolor sit amet, consectetur adipiscing elit. Nulla commodo iaculis ligula, ac dapibus quam ornare ut. Praesent ac hendrerit sem, et tempus sem<\\/p>\"},\"c89e10699ee8\":{\"object_id\":45,\"object_type_id\":4,\"label\":\"Gallery\",\"object_type_key\":\"gallery\",\"key\":4,\"value\":null}},\"ger\":\"\"}', 168, '2023-03-21 14:29:29', NULL, '2023-03-30 11:15:30');
INSERT INTO `custom_pages` VALUES (130, '{\"ka\":{\"11f8bc158ef2\":{\"object_id\":34,\"object_type_id\":1,\"label\":\"Title\",\"object_type_key\":\"input-text\",\"key\":1,\"value\":\"yyyyyy\"},\"b1fccafef4e3\":{\"object_id\":34,\"object_type_id\":2,\"label\":\"Textarea\",\"object_type_key\":\"textarea\",\"key\":2,\"value\":null},\"f069bea5a7a5\":{\"object_id\":34,\"object_type_id\":3,\"label\":\"Rich text editor\",\"object_type_key\":\"rich-text-editor\",\"key\":3,\"value\":null}},\"ger\":\"\"}', 170, '2023-03-21 18:01:04', NULL, '2023-03-21 18:01:04');
INSERT INTO `custom_pages` VALUES (132, '{\"ka\":{\"1b382408c032\":{\"object_id\":30,\"object_type_id\":1,\"label\":\"Address\",\"object_type_key\":\"input-text\",\"key\":1,\"value\":\"9051 Constra Incorporate, USA\"},\"eba836b08498\":{\"object_id\":30,\"object_type_id\":2,\"label\":\"Address Icon\",\"object_type_key\":\"textarea\",\"key\":2,\"value\":\"<i class=\\\"fas fa-map-marker-alt\\\"><\\/i>\"},\"a23020916cf2\":{\"object_id\":30,\"object_type_id\":1,\"label\":\"Facebook URL\",\"object_type_key\":\"input-text\",\"key\":3,\"value\":\"https:\\/\\/facebbok.com\\/\"},\"3505b59e1276\":{\"object_id\":30,\"object_type_id\":2,\"label\":\"Facebook Icon\",\"object_type_key\":\"textarea\",\"key\":4,\"value\":\"<i class=\\\"fab fa-facebook-f\\\"><\\/i>\"},\"9c338396df60\":{\"object_id\":30,\"object_type_id\":1,\"label\":\"Twitter URL\",\"object_type_key\":\"input-text\",\"key\":5,\"value\":null},\"c3ffe38ab30f\":{\"object_id\":30,\"object_type_id\":2,\"label\":\"Twitter Icon\",\"object_type_key\":\"textarea\",\"key\":6,\"value\":\"<i class=\\\"fab fa-twitter\\\"><\\/i>\"},\"c23d6fd0b2b2\":{\"object_id\":30,\"object_type_id\":1,\"label\":\"Instagram URL\",\"object_type_key\":\"input-text\",\"key\":7,\"value\":null},\"1cbbec89ce41\":{\"object_id\":30,\"object_type_id\":2,\"label\":\"Instagram Icon\",\"object_type_key\":\"textarea\",\"key\":8,\"value\":\"<i class=\\\"fab fa-instagram\\\"><\\/i>\"},\"11107c775e23\":{\"object_id\":30,\"object_type_id\":1,\"label\":\"Github URL\",\"object_type_key\":\"input-text\",\"key\":9,\"value\":null},\"a1ce52843216\":{\"object_id\":30,\"object_type_id\":2,\"label\":\"Github Icon\",\"object_type_key\":\"textarea\",\"key\":10,\"value\":\"<i class=\\\"fab fa-github\\\"><\\/i>\"}},\"ger\":\"\"}', 172, '2023-03-21 18:44:45', NULL, '2023-03-21 18:44:45');
INSERT INTO `custom_pages` VALUES (133, '{\"ka\":{\"334b0636b035\":{\"object_id\":40,\"object_type_id\":1,\"label\":\"Title\",\"object_type_key\":\"input-text\",\"key\":1,\"value\":\"RELATION BLOCKS\"}},\"ger\":\"\"}', 173, '2023-03-22 09:24:10', NULL, '2023-03-22 10:23:52');
INSERT INTO `custom_pages` VALUES (134, '{\"ka\":{\"334b0636b035\":{\"object_id\":40,\"object_type_id\":1,\"label\":\"Title\",\"object_type_key\":\"input-text\",\"key\":1,\"value\":\"YOU SHOULD KNOW\"}},\"ger\":\"\"}', 176, '2023-03-22 09:27:22', NULL, '2023-03-22 09:27:22');
INSERT INTO `custom_pages` VALUES (135, '{\"ka\":{\"d37f7bdaec33\":{\"object_id\":46,\"object_type_id\":1,\"label\":\"Title\",\"object_type_key\":\"input-text\",\"key\":1,\"value\":\"Does the law require head protection on construction sites?\"},\"b914590ffc1a\":{\"object_id\":46,\"object_type_id\":2,\"label\":\"Text\",\"object_type_key\":\"textarea\",\"key\":2,\"value\":null},\"7ea17fca2a29\":{\"object_id\":46,\"object_type_id\":3,\"label\":\"Full text\",\"object_type_key\":\"rich-text-editor\",\"key\":3,\"value\":\"<p>Anim pariatur cliche reprehenderit, enim eiusmod high life accusamus terry richardson ad squid. 3 wolf moon officia aute, non cupidata<\\/p>\"},\"082bbd8cd9ba\":{\"object_id\":46,\"object_type_id\":4,\"label\":\"Gallery\",\"object_type_key\":\"gallery\",\"key\":4,\"value\":null}},\"ger\":\"\"}', 177, '2023-03-22 09:29:17', NULL, '2023-03-22 09:29:17');
INSERT INTO `custom_pages` VALUES (136, '{\"ka\":{\"d37f7bdaec33\":{\"object_id\":46,\"object_type_id\":1,\"label\":\"Title\",\"object_type_key\":\"input-text\",\"key\":1,\"value\":\"What are the first aid requirements for sites?\"},\"b914590ffc1a\":{\"object_id\":46,\"object_type_id\":2,\"label\":\"Text\",\"object_type_key\":\"textarea\",\"key\":2,\"value\":null},\"7ea17fca2a29\":{\"object_id\":46,\"object_type_id\":3,\"label\":\"Full text\",\"object_type_key\":\"rich-text-editor\",\"key\":3,\"value\":\"<p>Anemi nim veniam, quis nostrud exercitation ullamco laboris nisi ut aliquip ex ea com modo consequat. Duis aute irure dolor in reprehenderit in voluptate velit esse cillum dolore eu fugiat nulla pariatur. Excepteur sint occaecat cupid henderit in voluptate velit esse cillu oris nisi ut aliquip ex ea com matat.<\\/p>\"},\"082bbd8cd9ba\":{\"object_id\":46,\"object_type_id\":4,\"label\":\"Gallery\",\"object_type_key\":\"gallery\",\"key\":4,\"value\":null}},\"ger\":\"\"}', 178, '2023-03-22 09:29:39', NULL, '2023-03-22 09:29:39');
INSERT INTO `custom_pages` VALUES (137, '{\"ka\":{\"d37f7bdaec33\":{\"object_id\":46,\"object_type_id\":1,\"label\":\"Title\",\"object_type_key\":\"input-text\",\"key\":1,\"value\":\"What is an appointed person?\"},\"b914590ffc1a\":{\"object_id\":46,\"object_type_id\":2,\"label\":\"Text\",\"object_type_key\":\"textarea\",\"key\":2,\"value\":null},\"7ea17fca2a29\":{\"object_id\":46,\"object_type_id\":3,\"label\":\"Full text\",\"object_type_key\":\"rich-text-editor\",\"key\":3,\"value\":\"<p>Lorem Ipsum is simply dummy text of the printing and typesetting industry. Lorem Ipsum has been the industrys standard dummy text ever since the 1500s, when an unknown printer took a galley of type and scrambled it to make a type specimen book.<\\/p>\"},\"082bbd8cd9ba\":{\"object_id\":46,\"object_type_id\":4,\"label\":\"Gallery\",\"object_type_key\":\"gallery\",\"key\":4,\"value\":null}},\"ger\":\"\"}', 179, '2023-03-22 09:29:58', NULL, '2023-03-22 09:29:58');
INSERT INTO `custom_pages` VALUES (138, '{\"ka\":{\"d37f7bdaec33\":{\"object_id\":46,\"object_type_id\":1,\"label\":\"Title\",\"object_type_key\":\"input-text\",\"key\":1,\"value\":\"WHAT MAKES US DIFFERENT\"},\"b914590ffc1a\":{\"object_id\":46,\"object_type_id\":2,\"label\":\"Text\",\"object_type_key\":\"textarea\",\"key\":2,\"value\":null},\"7ea17fca2a29\":{\"object_id\":46,\"object_type_id\":3,\"label\":\"Full text\",\"object_type_key\":\"rich-text-editor\",\"key\":3,\"value\":\"<p>Anim pariatur cliche reprehenderit, enim eiusmod high life accusamus terry richardson ad squid. 3 wolf moon officia aute, non cupidatat skateboard dolor brunch. Food truck quinoa nesciunt laborum eiusmod. Consectetur adipiscing elit. Integer adipiscing erat eget risus sollicitudin pellentesque et non erat tincidunt nunc posuere.<\\/p><ul><li>Partnership Strategy tristique eleifend.<\\/li><li>Opporutnity to work with amet elit a.<\\/li><li>Saving Time to Deal with commodo iaculis.<\\/li><li>Leadership skills to manage erat volutpat.<\\/li><li>Cut cost without sacrificing dolore magna.<\\/li><li>Automate your business elis tristique.<\\/li><\\/ul>\"},\"082bbd8cd9ba\":{\"object_id\":46,\"object_type_id\":4,\"label\":\"Gallery\",\"object_type_key\":\"gallery\",\"key\":4,\"value\":null}},\"ger\":\"\"}', 175, '2023-03-22 09:30:23', NULL, '2023-03-22 09:30:23');
INSERT INTO `custom_pages` VALUES (139, '{\"ka\":{\"657f3f2f78a1\":{\"object_id\":37,\"object_type_id\":1,\"label\":\"Title\",\"object_type_key\":\"input-text\",\"key\":1,\"value\":\"INTERESTED WITH THIS SERVICE.\"},\"4904d7ee7d72\":{\"object_id\":37,\"object_type_id\":2,\"label\":\"Text\",\"object_type_key\":\"textarea\",\"key\":2,\"value\":null},\"9aa541798ec4\":{\"object_id\":37,\"object_type_id\":4,\"label\":\"Image upload\",\"object_type_key\":\"gallery\",\"key\":3,\"value\":null},\"396d54b03691\":{\"object_id\":37,\"object_type_id\":1,\"label\":\"Url\",\"object_type_key\":\"input-text\",\"key\":4,\"value\":\"http:\\/\\/google.ge\"}},\"ger\":\"\"}', 180, '2023-03-22 10:26:05', NULL, '2023-03-22 10:26:05');
INSERT INTO `custom_pages` VALUES (140, '{\"ka\":{\"d37f7bdaec33\":{\"object_id\":46,\"object_type_id\":1,\"label\":\"Title\",\"object_type_key\":\"input-text\",\"key\":1,\"value\":\"SECOND RELATION\"},\"b914590ffc1a\":{\"object_id\":46,\"object_type_id\":2,\"label\":\"Text\",\"object_type_key\":\"textarea\",\"key\":2,\"value\":null},\"7ea17fca2a29\":{\"object_id\":46,\"object_type_id\":3,\"label\":\"Full text\",\"object_type_key\":\"rich-text-editor\",\"key\":3,\"value\":\"<p>Anim pariatur cliche reprehenderit, enim eiusmod high life accusamus terry richardson ad squid. 3 wolf moon officia aute, non cupidatat skateboard dolor brunch. Food truck quinoa nesciunt laborum eiusmod. Consectetur adipiscing elit. Integer adipiscing erat eget risus sollicitudin pellentesque et non erat tincidunt nunc posuere.<\\/p><ul><li>Partnership Strategy tristique eleifend.<\\/li><li>Opporutnity to work with amet elit a.<\\/li><\\/ul>\"},\"082bbd8cd9ba\":{\"object_id\":46,\"object_type_id\":4,\"label\":\"Gallery\",\"object_type_key\":\"gallery\",\"key\":4,\"value\":null}},\"ger\":\"\"}', 181, '2023-03-22 15:44:40', NULL, '2023-03-22 15:45:17');
INSERT INTO `custom_pages` VALUES (142, '{\"ka\":{\"26fde5af19c1\":{\"object_id\":47,\"object_type_id\":1,\"label\":\"Title\",\"object_type_key\":\"input-text\",\"key\":1,\"value\":\"iphoni\"},\"036e2cdc4993\":{\"object_id\":47,\"object_type_id\":3,\"label\":\"agwera\",\"object_type_key\":\"rich-text-editor\",\"key\":2,\"value\":\"<p>dsfsdf<\\/p>\"},\"76d5980a0061\":{\"object_id\":47,\"object_type_id\":1,\"label\":\"fasi\",\"object_type_key\":\"input-text\",\"key\":3,\"value\":\"12\"},\"fce7d03a29c0\":{\"object_id\":47,\"object_type_id\":4,\"label\":\"Gallery\",\"object_type_key\":\"gallery\",\"key\":4,\"value\":null}},\"ger\":\"\"}', 183, '2023-03-22 17:45:02', NULL, '2023-03-22 17:45:02');
INSERT INTO `custom_pages` VALUES (144, '{\"ka\":{\"26fde5af19c1\":{\"object_id\":47,\"object_type_id\":1,\"label\":\"Title\",\"object_type_key\":\"input-text\",\"key\":1,\"value\":\"iphoni\"},\"036e2cdc4993\":{\"object_id\":47,\"object_type_id\":3,\"label\":\"agwera\",\"object_type_key\":\"rich-text-editor\",\"key\":2,\"value\":\"<p>dsfsdf<\\/p>\"},\"76d5980a0061\":{\"object_id\":47,\"object_type_id\":1,\"label\":\"fasi\",\"object_type_key\":\"input-text\",\"key\":3,\"value\":\"12\"},\"fce7d03a29c0\":{\"object_id\":47,\"object_type_id\":4,\"label\":\"Gallery\",\"object_type_key\":\"gallery\",\"key\":4,\"value\":null}},\"ger\":\"\"}', 185, '2023-03-22 18:00:19', NULL, '2023-03-22 18:00:19');
INSERT INTO `custom_pages` VALUES (146, '{\"ka\":{\"d37f7bdaec33\":{\"object_id\":46,\"object_type_id\":1,\"label\":\"Title\",\"object_type_key\":\"input-text\",\"key\":1,\"value\":\"WHO WE ARE\"},\"b914590ffc1a\":{\"object_id\":46,\"object_type_id\":2,\"label\":\"Text\",\"object_type_key\":\"textarea\",\"key\":2,\"value\":null},\"7ea17fca2a29\":{\"object_id\":46,\"object_type_id\":3,\"label\":\"Full text\",\"object_type_key\":\"rich-text-editor\",\"key\":3,\"value\":\"<p>when Gregor Samsa woke from troubled dreams, he found himself transformed in his bed into a horrible vermin.<\\/p><blockquote>Semporibus autem quibusdam et aut officiis debitis aut rerum est aut optio cumque nihil necessitatibus autemn ec tincidunt nunc posuere ut<\\/blockquote><p>He lay on his armour-like back, and if he lifted. ultrices ultrices sapien, nec tincidunt nunc posuere ut. Lorem ipsum dolor sit amet, consectetur adipiscing elit. If you are going to use a passage of Lorem Ipsum, you need to be sure there isnt anything embarrassing.<\\/p>\"},\"082bbd8cd9ba\":{\"object_id\":46,\"object_type_id\":4,\"label\":\"Gallery\",\"object_type_key\":\"gallery\",\"key\":4,\"value\":null}},\"ger\":\"\"}', 189, '2023-03-25 09:16:40', NULL, '2023-03-25 09:16:40');
INSERT INTO `custom_pages` VALUES (147, '{\"ka\":{\"334b0636b035\":{\"object_id\":40,\"object_type_id\":1,\"label\":\"Title\",\"object_type_key\":\"input-text\",\"key\":1,\"value\":\"PROFESSIONAL TEAM\"}},\"ger\":\"\"}', 190, '2023-03-29 09:16:20', NULL, '2023-03-29 09:16:20');
INSERT INTO `custom_pages` VALUES (148, '{\"ka\":{\"d37f7bdaec33\":{\"object_id\":46,\"object_type_id\":1,\"label\":\"Title\",\"object_type_key\":\"input-text\",\"key\":1,\"value\":\"Nats Stenman\"},\"b914590ffc1a\":{\"object_id\":46,\"object_type_id\":2,\"label\":\"Text\",\"object_type_key\":\"textarea\",\"key\":2,\"value\":\"Chief Operating Officer\"},\"7ea17fca2a29\":{\"object_id\":46,\"object_type_id\":3,\"label\":\"Full text\",\"object_type_key\":\"rich-text-editor\",\"key\":3,\"value\":\"<p>Nats Stenman began his career in construction with boots on the ground<\\/p>\"},\"082bbd8cd9ba\":{\"object_id\":46,\"object_type_id\":4,\"label\":\"Gallery\",\"object_type_key\":\"gallery\",\"key\":4,\"value\":null},\"e1a15a644e77\":{\"object_id\":30,\"object_type_id\":1,\"label\":\"Address\",\"object_type_key\":\"input-text\",\"key\":5,\"value\":\"test\"},\"def9a1f04a8c\":{\"object_id\":30,\"object_type_id\":2,\"label\":\"Address Icon\",\"object_type_key\":\"textarea\",\"key\":6,\"value\":null},\"18f4ced56c7e\":{\"object_id\":30,\"object_type_id\":1,\"label\":\"Facebook URL\",\"object_type_key\":\"input-text\",\"key\":7,\"value\":null},\"fe67fe73a2e3\":{\"object_id\":30,\"object_type_id\":2,\"label\":\"Facebook Icon\",\"object_type_key\":\"textarea\",\"key\":8,\"value\":\"<i class=\\\"fab fa-facebook-f\\\"><\\/i>\"},\"288896b72d3b\":{\"object_id\":30,\"object_type_id\":1,\"label\":\"Twitter URL\",\"object_type_key\":\"input-text\",\"key\":9,\"value\":null},\"cf3294fbdfc9\":{\"object_id\":30,\"object_type_id\":2,\"label\":\"Twitter Icon\",\"object_type_key\":\"textarea\",\"key\":10,\"value\":\"<i class=\\\"fab fa-twitter\\\"><\\/i>\"},\"7e956626a3eb\":{\"object_id\":30,\"object_type_id\":1,\"label\":\"Instagram URL\",\"object_type_key\":\"input-text\",\"key\":11,\"value\":null},\"22a65ce52a9f\":{\"object_id\":30,\"object_type_id\":2,\"label\":\"Instagram Icon\",\"object_type_key\":\"textarea\",\"key\":12,\"value\":\"<i class=\\\"fab fa-google-plus\\\"><\\/i>\"},\"d068e55c473f\":{\"object_id\":30,\"object_type_id\":1,\"label\":\"Github URL\",\"object_type_key\":\"input-text\",\"key\":13,\"value\":null},\"c758fd963cfd\":{\"object_id\":30,\"object_type_id\":2,\"label\":\"Github Icon\",\"object_type_key\":\"textarea\",\"key\":14,\"value\":\"<i class=\\\"fab fa-linkedin\\\"><\\/i>\"}},\"ger\":\"\"}', 192, '2023-03-29 09:23:55', NULL, '2023-03-29 09:23:55');
INSERT INTO `custom_pages` VALUES (149, '{\"ka\":{\"d37f7bdaec33\":{\"object_id\":46,\"object_type_id\":1,\"label\":\"Title\",\"object_type_key\":\"input-text\",\"key\":1,\"value\":\"Elton Joe\"},\"b914590ffc1a\":{\"object_id\":46,\"object_type_id\":2,\"label\":\"Text\",\"object_type_key\":\"textarea\",\"key\":2,\"value\":\"Site Supervisor\"},\"7ea17fca2a29\":{\"object_id\":46,\"object_type_id\":3,\"label\":\"Full text\",\"object_type_key\":\"rich-text-editor\",\"key\":3,\"value\":\"<p>Nats Stenman began his career in construction with boots on the ground<\\/p>\"},\"082bbd8cd9ba\":{\"object_id\":46,\"object_type_id\":4,\"label\":\"Gallery\",\"object_type_key\":\"gallery\",\"key\":4,\"value\":null},\"e1a15a644e77\":{\"object_id\":30,\"object_type_id\":1,\"label\":\"Address\",\"object_type_key\":\"input-text\",\"key\":5,\"value\":\"test\"},\"def9a1f04a8c\":{\"object_id\":30,\"object_type_id\":2,\"label\":\"Address Icon\",\"object_type_key\":\"textarea\",\"key\":6,\"value\":null},\"18f4ced56c7e\":{\"object_id\":30,\"object_type_id\":1,\"label\":\"Facebook URL\",\"object_type_key\":\"input-text\",\"key\":7,\"value\":\"http:\\/\\/\"},\"fe67fe73a2e3\":{\"object_id\":30,\"object_type_id\":2,\"label\":\"Facebook Icon\",\"object_type_key\":\"textarea\",\"key\":8,\"value\":\"<i class=\\\"fab fa-facebook-f\\\"><\\/i>\"},\"288896b72d3b\":{\"object_id\":30,\"object_type_id\":1,\"label\":\"Twitter URL\",\"object_type_key\":\"input-text\",\"key\":9,\"value\":\"http:\\/\\/\"},\"cf3294fbdfc9\":{\"object_id\":30,\"object_type_id\":2,\"label\":\"Twitter Icon\",\"object_type_key\":\"textarea\",\"key\":10,\"value\":\"<i class=\\\"fab fa-twitter\\\"><\\/i>\"},\"7e956626a3eb\":{\"object_id\":30,\"object_type_id\":1,\"label\":\"Instagram URL\",\"object_type_key\":\"input-text\",\"key\":11,\"value\":\"http:\\/\\/\"},\"22a65ce52a9f\":{\"object_id\":30,\"object_type_id\":2,\"label\":\"Instagram Icon\",\"object_type_key\":\"textarea\",\"key\":12,\"value\":\"<i class=\\\"fab fa-google-plus\\\"><\\/i>\"},\"d068e55c473f\":{\"object_id\":30,\"object_type_id\":1,\"label\":\"Github URL\",\"object_type_key\":\"input-text\",\"key\":13,\"value\":\"http:\\/\\/\"},\"c758fd963cfd\":{\"object_id\":30,\"object_type_id\":2,\"label\":\"Github Icon\",\"object_type_key\":\"textarea\",\"key\":14,\"value\":\"<i class=\\\"fab fa-linkedin\\\"><\\/i>\"}},\"ger\":\"\"}', 193, '2023-03-29 09:25:02', NULL, '2023-03-29 09:37:28');
INSERT INTO `custom_pages` VALUES (150, '{\"ka\":{\"d37f7bdaec33\":{\"object_id\":46,\"object_type_id\":1,\"label\":\"Title\",\"object_type_key\":\"input-text\",\"key\":1,\"value\":\"Angela Lyouer\"},\"b914590ffc1a\":{\"object_id\":46,\"object_type_id\":2,\"label\":\"Text\",\"object_type_key\":\"textarea\",\"key\":2,\"value\":\"Chief Operating Officer\"},\"7ea17fca2a29\":{\"object_id\":46,\"object_type_id\":3,\"label\":\"Full text\",\"object_type_key\":\"rich-text-editor\",\"key\":3,\"value\":\"<p>Nats Stenman began his career in construction with boots on the ground<\\/p>\"},\"082bbd8cd9ba\":{\"object_id\":46,\"object_type_id\":4,\"label\":\"Gallery\",\"object_type_key\":\"gallery\",\"key\":4,\"value\":null},\"e1a15a644e77\":{\"object_id\":30,\"object_type_id\":1,\"label\":\"Address\",\"object_type_key\":\"input-text\",\"key\":5,\"value\":\"test\"},\"def9a1f04a8c\":{\"object_id\":30,\"object_type_id\":2,\"label\":\"Address Icon\",\"object_type_key\":\"textarea\",\"key\":6,\"value\":null},\"18f4ced56c7e\":{\"object_id\":30,\"object_type_id\":1,\"label\":\"Facebook URL\",\"object_type_key\":\"input-text\",\"key\":7,\"value\":\"http:\\/\\/\"},\"fe67fe73a2e3\":{\"object_id\":30,\"object_type_id\":2,\"label\":\"Facebook Icon\",\"object_type_key\":\"textarea\",\"key\":8,\"value\":\"<i class=\\\"fab fa-facebook-f\\\"><\\/i>\"},\"288896b72d3b\":{\"object_id\":30,\"object_type_id\":1,\"label\":\"Twitter URL\",\"object_type_key\":\"input-text\",\"key\":9,\"value\":\"http:\\/\\/\"},\"cf3294fbdfc9\":{\"object_id\":30,\"object_type_id\":2,\"label\":\"Twitter Icon\",\"object_type_key\":\"textarea\",\"key\":10,\"value\":\"<i class=\\\"fab fa-twitter\\\"><\\/i>\"},\"7e956626a3eb\":{\"object_id\":30,\"object_type_id\":1,\"label\":\"Instagram URL\",\"object_type_key\":\"input-text\",\"key\":11,\"value\":\"http:\\/\\/\"},\"22a65ce52a9f\":{\"object_id\":30,\"object_type_id\":2,\"label\":\"Instagram Icon\",\"object_type_key\":\"textarea\",\"key\":12,\"value\":\"<i class=\\\"fab fa-google-plus\\\"><\\/i>\"},\"d068e55c473f\":{\"object_id\":30,\"object_type_id\":1,\"label\":\"Github URL\",\"object_type_key\":\"input-text\",\"key\":13,\"value\":\"http:\\/\\/\"},\"c758fd963cfd\":{\"object_id\":30,\"object_type_id\":2,\"label\":\"Github Icon\",\"object_type_key\":\"textarea\",\"key\":14,\"value\":\"<i class=\\\"fab fa-linkedin\\\"><\\/i>\"}},\"ger\":\"\"}', 194, '2023-03-29 09:25:14', NULL, '2023-03-29 09:36:03');
INSERT INTO `custom_pages` VALUES (151, '{\"ka\":{\"d37f7bdaec33\":{\"object_id\":46,\"object_type_id\":1,\"label\":\"Title\",\"object_type_key\":\"input-text\",\"key\":1,\"value\":\"Mark Conter\"},\"b914590ffc1a\":{\"object_id\":46,\"object_type_id\":2,\"label\":\"Text\",\"object_type_key\":\"textarea\",\"key\":2,\"value\":\"Safety Officer\"},\"7ea17fca2a29\":{\"object_id\":46,\"object_type_id\":3,\"label\":\"Full text\",\"object_type_key\":\"rich-text-editor\",\"key\":3,\"value\":\"<p>Nats Stenman began his career in construction with boots on the ground<\\/p>\"},\"082bbd8cd9ba\":{\"object_id\":46,\"object_type_id\":4,\"label\":\"Gallery\",\"object_type_key\":\"gallery\",\"key\":4,\"value\":null},\"e1a15a644e77\":{\"object_id\":30,\"object_type_id\":1,\"label\":\"Address\",\"object_type_key\":\"input-text\",\"key\":5,\"value\":\"test\"},\"def9a1f04a8c\":{\"object_id\":30,\"object_type_id\":2,\"label\":\"Address Icon\",\"object_type_key\":\"textarea\",\"key\":6,\"value\":null},\"18f4ced56c7e\":{\"object_id\":30,\"object_type_id\":1,\"label\":\"Facebook URL\",\"object_type_key\":\"input-text\",\"key\":7,\"value\":\"http:\\/\\/\"},\"fe67fe73a2e3\":{\"object_id\":30,\"object_type_id\":2,\"label\":\"Facebook Icon\",\"object_type_key\":\"textarea\",\"key\":8,\"value\":\"<i class=\\\"fab fa-facebook-f\\\"><\\/i>\"},\"288896b72d3b\":{\"object_id\":30,\"object_type_id\":1,\"label\":\"Twitter URL\",\"object_type_key\":\"input-text\",\"key\":9,\"value\":\"http:\\/\\/\"},\"cf3294fbdfc9\":{\"object_id\":30,\"object_type_id\":2,\"label\":\"Twitter Icon\",\"object_type_key\":\"textarea\",\"key\":10,\"value\":\"<i class=\\\"fab fa-twitter\\\"><\\/i>\"},\"7e956626a3eb\":{\"object_id\":30,\"object_type_id\":1,\"label\":\"Instagram URL\",\"object_type_key\":\"input-text\",\"key\":11,\"value\":\"http:\\/\\/\"},\"22a65ce52a9f\":{\"object_id\":30,\"object_type_id\":2,\"label\":\"Instagram Icon\",\"object_type_key\":\"textarea\",\"key\":12,\"value\":\"<i class=\\\"fab fa-google-plus\\\"><\\/i>\"},\"d068e55c473f\":{\"object_id\":30,\"object_type_id\":1,\"label\":\"Github URL\",\"object_type_key\":\"input-text\",\"key\":13,\"value\":\"http:\\/\\/\"},\"c758fd963cfd\":{\"object_id\":30,\"object_type_id\":2,\"label\":\"Github Icon\",\"object_type_key\":\"textarea\",\"key\":14,\"value\":\"<i class=\\\"fab fa-linkedin\\\"><\\/i>\"}},\"ger\":\"\"}', 195, '2023-03-29 09:25:21', NULL, '2023-03-29 09:36:35');
INSERT INTO `custom_pages` VALUES (152, '{\"ka\":{\"d37f7bdaec33\":{\"object_id\":46,\"object_type_id\":1,\"label\":\"Title\",\"object_type_key\":\"input-text\",\"key\":1,\"value\":\"Ayesha Stewart\"},\"b914590ffc1a\":{\"object_id\":46,\"object_type_id\":2,\"label\":\"Text\",\"object_type_key\":\"textarea\",\"key\":2,\"value\":\"Finance Officer\"},\"7ea17fca2a29\":{\"object_id\":46,\"object_type_id\":3,\"label\":\"Full text\",\"object_type_key\":\"rich-text-editor\",\"key\":3,\"value\":\"<p>Nats Stenman began his career in construction with boots on the ground<\\/p>\"},\"082bbd8cd9ba\":{\"object_id\":46,\"object_type_id\":4,\"label\":\"Gallery\",\"object_type_key\":\"gallery\",\"key\":4,\"value\":null},\"e1a15a644e77\":{\"object_id\":30,\"object_type_id\":1,\"label\":\"Address\",\"object_type_key\":\"input-text\",\"key\":5,\"value\":\"test\"},\"def9a1f04a8c\":{\"object_id\":30,\"object_type_id\":2,\"label\":\"Address Icon\",\"object_type_key\":\"textarea\",\"key\":6,\"value\":null},\"18f4ced56c7e\":{\"object_id\":30,\"object_type_id\":1,\"label\":\"Facebook URL\",\"object_type_key\":\"input-text\",\"key\":7,\"value\":\"http:\\/\\/\"},\"fe67fe73a2e3\":{\"object_id\":30,\"object_type_id\":2,\"label\":\"Facebook Icon\",\"object_type_key\":\"textarea\",\"key\":8,\"value\":\"<i class=\\\"fab fa-facebook-f\\\"><\\/i>\"},\"288896b72d3b\":{\"object_id\":30,\"object_type_id\":1,\"label\":\"Twitter URL\",\"object_type_key\":\"input-text\",\"key\":9,\"value\":\"http:\\/\\/\"},\"cf3294fbdfc9\":{\"object_id\":30,\"object_type_id\":2,\"label\":\"Twitter Icon\",\"object_type_key\":\"textarea\",\"key\":10,\"value\":\"<i class=\\\"fab fa-twitter\\\"><\\/i>\"},\"7e956626a3eb\":{\"object_id\":30,\"object_type_id\":1,\"label\":\"Instagram URL\",\"object_type_key\":\"input-text\",\"key\":11,\"value\":\"http:\\/\\/\"},\"22a65ce52a9f\":{\"object_id\":30,\"object_type_id\":2,\"label\":\"Instagram Icon\",\"object_type_key\":\"textarea\",\"key\":12,\"value\":\"<i class=\\\"fab fa-google-plus\\\"><\\/i>\"},\"d068e55c473f\":{\"object_id\":30,\"object_type_id\":1,\"label\":\"Github URL\",\"object_type_key\":\"input-text\",\"key\":13,\"value\":\"http:\\/\\/\"},\"c758fd963cfd\":{\"object_id\":30,\"object_type_id\":2,\"label\":\"Github Icon\",\"object_type_key\":\"textarea\",\"key\":14,\"value\":\"<i class=\\\"fab fa-linkedin\\\"><\\/i>\"}},\"ger\":\"\"}', 196, '2023-03-29 09:25:28', NULL, '2023-03-29 09:38:18');
INSERT INTO `custom_pages` VALUES (153, '{\"ka\":{\"d37f7bdaec33\":{\"object_id\":46,\"object_type_id\":1,\"label\":\"Title\",\"object_type_key\":\"input-text\",\"key\":1,\"value\":\"Dave Clarkte\"},\"b914590ffc1a\":{\"object_id\":46,\"object_type_id\":2,\"label\":\"Text\",\"object_type_key\":\"textarea\",\"key\":2,\"value\":\"Civil Engineer\"},\"7ea17fca2a29\":{\"object_id\":46,\"object_type_id\":3,\"label\":\"Full text\",\"object_type_key\":\"rich-text-editor\",\"key\":3,\"value\":\"<p>Nats Stenman began his career in construction with boots on the ground<\\/p>\"},\"082bbd8cd9ba\":{\"object_id\":46,\"object_type_id\":4,\"label\":\"Gallery\",\"object_type_key\":\"gallery\",\"key\":4,\"value\":null},\"e1a15a644e77\":{\"object_id\":30,\"object_type_id\":1,\"label\":\"Address\",\"object_type_key\":\"input-text\",\"key\":5,\"value\":\"test\"},\"def9a1f04a8c\":{\"object_id\":30,\"object_type_id\":2,\"label\":\"Address Icon\",\"object_type_key\":\"textarea\",\"key\":6,\"value\":null},\"18f4ced56c7e\":{\"object_id\":30,\"object_type_id\":1,\"label\":\"Facebook URL\",\"object_type_key\":\"input-text\",\"key\":7,\"value\":\"http:\\/\\/\"},\"fe67fe73a2e3\":{\"object_id\":30,\"object_type_id\":2,\"label\":\"Facebook Icon\",\"object_type_key\":\"textarea\",\"key\":8,\"value\":\"<i class=\\\"fab fa-facebook-f\\\"><\\/i>\"},\"288896b72d3b\":{\"object_id\":30,\"object_type_id\":1,\"label\":\"Twitter URL\",\"object_type_key\":\"input-text\",\"key\":9,\"value\":\"http:\\/\\/\"},\"cf3294fbdfc9\":{\"object_id\":30,\"object_type_id\":2,\"label\":\"Twitter Icon\",\"object_type_key\":\"textarea\",\"key\":10,\"value\":\"<i class=\\\"fab fa-twitter\\\"><\\/i>\"},\"7e956626a3eb\":{\"object_id\":30,\"object_type_id\":1,\"label\":\"Instagram URL\",\"object_type_key\":\"input-text\",\"key\":11,\"value\":\"http:\\/\\/\"},\"22a65ce52a9f\":{\"object_id\":30,\"object_type_id\":2,\"label\":\"Instagram Icon\",\"object_type_key\":\"textarea\",\"key\":12,\"value\":\"<i class=\\\"fab fa-google-plus\\\"><\\/i>\"},\"d068e55c473f\":{\"object_id\":30,\"object_type_id\":1,\"label\":\"Github URL\",\"object_type_key\":\"input-text\",\"key\":13,\"value\":\"http:\\/\\/\"},\"c758fd963cfd\":{\"object_id\":30,\"object_type_id\":2,\"label\":\"Github Icon\",\"object_type_key\":\"textarea\",\"key\":14,\"value\":\"<i class=\\\"fab fa-linkedin\\\"><\\/i>\"}},\"ger\":\"\"}', 197, '2023-03-29 09:25:35', NULL, '2023-03-29 09:35:24');
INSERT INTO `custom_pages` VALUES (154, '{\"ka\":{\"334b0636b035\":{\"object_id\":40,\"object_type_id\":1,\"label\":\"Title\",\"object_type_key\":\"input-text\",\"key\":1,\"value\":\"Test object\"}},\"ger\":\"\"}', 198, '2023-03-30 12:17:49', NULL, '2023-03-30 12:17:49');
INSERT INTO `custom_pages` VALUES (155, '{\"ka\":{\"11f8bc158ef2\":{\"object_id\":34,\"object_type_id\":1,\"label\":\"Title\",\"object_type_key\":\"input-text\",\"key\":1,\"value\":\"third\"},\"b1fccafef4e3\":{\"object_id\":34,\"object_type_id\":2,\"label\":\"Textarea\",\"object_type_key\":\"textarea\",\"key\":2,\"value\":\"Lorem Ipsum is simply dummy text of the printing and typesetting industry. Lorem Ipsum has been the industry\'s standard dummy text ever since the 1500s, when an unknown printer took a galley of type and scrambled it to make a type specimen book. It has survived not only five centuries, but also the leap into electronic typesetting, remaining essentially unchanged. It was popularised in the 1960s with the release of Letraset sheets containing Lorem Ipsum passages, and more recently with desktop publishing software like Aldus PageMaker including versions of Lorem Ipsum.\"},\"f069bea5a7a5\":{\"object_id\":34,\"object_type_id\":3,\"label\":\"Rich text editor\",\"object_type_key\":\"rich-text-editor\",\"key\":3,\"value\":null}},\"ger\":\"\"}', 201, '2023-03-30 13:47:57', NULL, '2023-04-03 11:46:23');
INSERT INTO `custom_pages` VALUES (156, '{\"ka\":{\"11f8bc158ef2\":{\"object_id\":34,\"object_type_id\":1,\"label\":\"Title\",\"object_type_key\":\"input-text\",\"key\":1,\"value\":\"child 1 test title\"},\"b1fccafef4e3\":{\"object_id\":34,\"object_type_id\":2,\"label\":\"Textarea\",\"object_type_key\":\"textarea\",\"key\":2,\"value\":\"Lorem Ipsum is simply dummy text of the printing and typesetting industry. Lorem Ipsum has been the industry\'s standard dummy text ever since the 1500s, when an unknown printer took a galley of type and scrambled it to make a type specimen book. It has survived not only five centuries, but also the leap into electronic typesetting, remaining essentially unchanged. It was popularised in the 1960s with the release of Letraset sheets containing Lorem Ipsum passages, and more recently with desktop publishing software like Aldus PageMaker including versions of Lorem Ipsum.\"},\"f069bea5a7a5\":{\"object_id\":34,\"object_type_id\":3,\"label\":\"Rich text editor\",\"object_type_key\":\"rich-text-editor\",\"key\":3,\"value\":null}},\"ger\":\"\"}', 199, '2023-03-30 14:09:17', NULL, '2023-04-03 11:46:17');
INSERT INTO `custom_pages` VALUES (157, '{\"ka\":{\"11f8bc158ef2\":{\"object_id\":34,\"object_type_id\":1,\"label\":\"Title\",\"object_type_key\":\"input-text\",\"key\":1,\"value\":\"second\"},\"b1fccafef4e3\":{\"object_id\":34,\"object_type_id\":2,\"label\":\"Textarea\",\"object_type_key\":\"textarea\",\"key\":2,\"value\":\"Lorem Ipsum is simply dummy text of the printing and typesetting industry. Lorem Ipsum has been the industry\'s standard dummy text ever since the 1500s, when an unknown printer took a galley of type and scrambled it to make a type specimen book. related to the third article  It has survived not only five centuries, but also the leap into electronic typesetting, remaining essentially unchanged. It was popularised in the 1960s with the release of Letraset sheets containing Lorem Ipsum passages, and more recently with desktop publishing software like Aldus PageMaker including versions of Lorem Ipsum.\"},\"f069bea5a7a5\":{\"object_id\":34,\"object_type_id\":3,\"label\":\"Rich text editor\",\"object_type_key\":\"rich-text-editor\",\"key\":3,\"value\":null}},\"ger\":\"\"}', 200, '2023-03-30 14:09:26', NULL, '2023-04-03 12:05:49');
INSERT INTO `custom_pages` VALUES (159, '{\"ka\":{\"334b0636b035\":{\"object_id\":40,\"object_type_id\":1,\"label\":\"Title\",\"object_type_key\":\"input-text\",\"key\":1,\"value\":\"Contact page relations\"}},\"ger\":\"\"}', 203, '2023-04-10 14:51:01', NULL, '2023-04-10 14:51:01');
INSERT INTO `custom_pages` VALUES (160, '{\"ka\":{\"334b0636b035\":{\"object_id\":40,\"object_type_id\":1,\"label\":\"Title\",\"object_type_key\":\"input-text\",\"key\":1,\"value\":\"REACHING OUR OFFICE\"}},\"ger\":\"\"}', 204, '2023-04-10 14:55:02', NULL, '2023-04-11 12:07:39');
INSERT INTO `custom_pages` VALUES (161, '{\"ka\":{\"d37f7bdaec33\":{\"object_id\":46,\"object_type_id\":1,\"label\":\"Title\",\"object_type_key\":\"input-text\",\"key\":1,\"value\":\"VISIT OUR OFFICE\"},\"b914590ffc1a\":{\"object_id\":46,\"object_type_id\":2,\"label\":\"Text\",\"object_type_key\":\"textarea\",\"key\":2,\"value\":\"<i class=\\\"fas fa-map-marker-alt mr-0\\\"><\\/i>\"},\"7ea17fca2a29\":{\"object_id\":46,\"object_type_id\":3,\"label\":\"Full text\",\"object_type_key\":\"rich-text-editor\",\"key\":3,\"value\":\"<p>9051 Constra Incorporate, USA<\\/p>\"},\"082bbd8cd9ba\":{\"object_id\":46,\"object_type_id\":4,\"label\":\"Gallery\",\"object_type_key\":\"gallery\",\"key\":4,\"value\":null}},\"ger\":\"\"}', 206, '2023-04-10 14:58:18', NULL, '2023-04-10 14:58:18');
INSERT INTO `custom_pages` VALUES (162, '{\"ka\":{\"d37f7bdaec33\":{\"object_id\":46,\"object_type_id\":1,\"label\":\"Title\",\"object_type_key\":\"input-text\",\"key\":1,\"value\":\"EMAIL US\"},\"b914590ffc1a\":{\"object_id\":46,\"object_type_id\":2,\"label\":\"Text\",\"object_type_key\":\"textarea\",\"key\":2,\"value\":\"<i class=\\\"fa fa-envelope mr-0\\\"><\\/i>\"},\"7ea17fca2a29\":{\"object_id\":46,\"object_type_id\":3,\"label\":\"Full text\",\"object_type_key\":\"rich-text-editor\",\"key\":3,\"value\":\"<p>office@Constra.com<\\/p>\"},\"082bbd8cd9ba\":{\"object_id\":46,\"object_type_id\":4,\"label\":\"Gallery\",\"object_type_key\":\"gallery\",\"key\":4,\"value\":null}},\"ger\":\"\"}', 207, '2023-04-10 14:58:48', NULL, '2023-04-10 14:58:48');
INSERT INTO `custom_pages` VALUES (163, '{\"ka\":{\"d37f7bdaec33\":{\"object_id\":46,\"object_type_id\":1,\"label\":\"Title\",\"object_type_key\":\"input-text\",\"key\":1,\"value\":\"CALL US\"},\"b914590ffc1a\":{\"object_id\":46,\"object_type_id\":2,\"label\":\"Text\",\"object_type_key\":\"textarea\",\"key\":2,\"value\":\"<i class=\\\"fa fa-phone-square mr-0\\\"><\\/i>\"},\"7ea17fca2a29\":{\"object_id\":46,\"object_type_id\":3,\"label\":\"Full text\",\"object_type_key\":\"rich-text-editor\",\"key\":3,\"value\":\"<p>(+9) 847-291-4353<\\/p>\"},\"082bbd8cd9ba\":{\"object_id\":46,\"object_type_id\":4,\"label\":\"Gallery\",\"object_type_key\":\"gallery\",\"key\":4,\"value\":null}},\"ger\":\"\"}', 208, '2023-04-10 14:59:11', NULL, '2023-04-10 14:59:11');
INSERT INTO `custom_pages` VALUES (164, '{\"ka\":{\"11f8bc158ef2\":{\"object_id\":34,\"object_type_id\":1,\"label\":\"Title\",\"object_type_key\":\"input-text\",\"key\":1,\"value\":\"WE LOVE TO HEAR\"},\"b1fccafef4e3\":{\"object_id\":34,\"object_type_id\":2,\"label\":\"Textarea\",\"object_type_key\":\"textarea\",\"key\":2,\"value\":\"<div class=\\\"google-map\\\">\\n                <div id=\\\"map\\\" class=\\\"map\\\" data-latitude=\\\"41.741118\\\" data-longitude=\\\"44.7815709\\\"\\n                     data-marker=\\\"images\\/marker.png\\\" data-marker-name=\\\"Constra\\\"><\\/div>\\n            <\\/div>\"},\"f069bea5a7a5\":{\"object_id\":34,\"object_type_id\":3,\"label\":\"Rich text editor\",\"object_type_key\":\"rich-text-editor\",\"key\":3,\"value\":null}},\"ger\":\"\"}', 209, '2023-04-10 15:00:12', NULL, '2023-04-11 11:59:44');

-- ----------------------------
-- Table structure for failed_jobs
-- ----------------------------
DROP TABLE IF EXISTS `failed_jobs`;
CREATE TABLE `failed_jobs`  (
  `id` bigint(20) UNSIGNED NOT NULL AUTO_INCREMENT,
  `uuid` varchar(255) CHARACTER SET utf8mb4 COLLATE utf8mb4_unicode_ci NOT NULL,
  `connection` text CHARACTER SET utf8mb4 COLLATE utf8mb4_unicode_ci NOT NULL,
  `queue` text CHARACTER SET utf8mb4 COLLATE utf8mb4_unicode_ci NOT NULL,
  `payload` longtext CHARACTER SET utf8mb4 COLLATE utf8mb4_unicode_ci NOT NULL,
  `exception` longtext CHARACTER SET utf8mb4 COLLATE utf8mb4_unicode_ci NOT NULL,
  `failed_at` timestamp(0) NOT NULL DEFAULT CURRENT_TIMESTAMP(0),
  PRIMARY KEY (`id`) USING BTREE,
  UNIQUE INDEX `failed_jobs_uuid_unique`(`uuid`) USING BTREE
) ENGINE = InnoDB AUTO_INCREMENT = 1 CHARACTER SET = utf8mb4 COLLATE = utf8mb4_unicode_ci ROW_FORMAT = Dynamic;

-- ----------------------------
-- Records of failed_jobs
-- ----------------------------

-- ----------------------------
-- Table structure for for_test
-- ----------------------------
DROP TABLE IF EXISTS `for_test`;
CREATE TABLE `for_test`  (
  `id` bigint(20) UNSIGNED NOT NULL AUTO_INCREMENT,
  `name` varchar(255) CHARACTER SET utf8mb4 COLLATE utf8mb4_unicode_ci NOT NULL,
  `key` varchar(255) CHARACTER SET utf8mb4 COLLATE utf8mb4_unicode_ci NOT NULL,
  `is_published` tinyint(1) NOT NULL DEFAULT 1,
  `sort` bigint(20) NOT NULL DEFAULT 0,
  `created_at` timestamp(0) NULL DEFAULT NULL,
  `updated_at` timestamp(0) NULL DEFAULT NULL,
  PRIMARY KEY (`id`) USING BTREE
) ENGINE = InnoDB AUTO_INCREMENT = 1 CHARACTER SET = utf8mb4 COLLATE = utf8mb4_unicode_ci ROW_FORMAT = Dynamic;

-- ----------------------------
-- Records of for_test
-- ----------------------------

-- ----------------------------
-- Table structure for form_content_objects
-- ----------------------------
DROP TABLE IF EXISTS `form_content_objects`;
CREATE TABLE `form_content_objects`  (
  `id` bigint(20) UNSIGNED NOT NULL AUTO_INCREMENT,
  `name` varchar(255) CHARACTER SET utf8mb4 COLLATE utf8mb4_unicode_ci NOT NULL,
  `slug` varchar(255) CHARACTER SET utf8mb4 COLLATE utf8mb4_unicode_ci NOT NULL,
  `content` json NULL,
  `is_published` tinyint(1) NOT NULL DEFAULT 0,
  `sort` bigint(20) NOT NULL DEFAULT 0,
  `form_content_object_id` bigint(255) NULL DEFAULT NULL,
  `created_at` timestamp(0) NULL DEFAULT NULL,
  `updated_at` timestamp(0) NULL DEFAULT NULL,
  PRIMARY KEY (`id`) USING BTREE
) ENGINE = InnoDB AUTO_INCREMENT = 38 CHARACTER SET = utf8mb4 COLLATE = utf8mb4_unicode_ci ROW_FORMAT = Dynamic;

-- ----------------------------
-- Records of form_content_objects
-- ----------------------------
INSERT INTO `form_content_objects` VALUES (6, 'Contact Form', 'contact-form', '[{\"form_objects_id\": \"3\"}]', 0, 0, NULL, '2023-04-07 16:04:32', '2023-04-07 16:04:32');
INSERT INTO `form_content_objects` VALUES (33, 'Contact Form-Copy', 'contact-form-copy', '[{\"form_objects_id\": \"3\"}]', 0, 0, 6, '2023-04-11 15:32:14', '2023-04-11 15:32:14');
INSERT INTO `form_content_objects` VALUES (34, 'Contact Form-Copy', 'contact-form-copy', '[{\"form_objects_id\": \"3\"}]', 0, 0, 6, '2023-04-11 15:42:37', '2023-04-11 15:42:37');
INSERT INTO `form_content_objects` VALUES (35, 'Contact Form-Copy', 'contact-form-copy', '[{\"form_objects_id\": \"3\"}]', 0, 0, 6, '2023-04-11 15:47:25', '2023-04-11 15:47:25');
INSERT INTO `form_content_objects` VALUES (36, 'Contact Form-Copy', 'contact-form-copy', '[{\"form_objects_id\": \"3\"}]', 0, 0, 6, '2023-04-11 16:58:26', '2023-04-11 16:58:26');
INSERT INTO `form_content_objects` VALUES (37, 'Contact Form-Copy', 'contact-form-copy', '[{\"form_objects_id\": \"3\"}]', 0, 0, 6, '2023-04-12 12:10:25', '2023-04-12 12:10:25');

-- ----------------------------
-- Table structure for form_custom_pages
-- ----------------------------
DROP TABLE IF EXISTS `form_custom_pages`;
CREATE TABLE `form_custom_pages`  (
  `id` bigint(20) UNSIGNED NOT NULL AUTO_INCREMENT,
  `content` longtext CHARACTER SET utf8mb4 COLLATE utf8mb4_unicode_ci NOT NULL,
  `form_content_object_id` bigint(20) UNSIGNED NOT NULL,
  `created_at` timestamp(0) NULL DEFAULT NULL,
  `is_published` tinyint(2) NULL DEFAULT NULL,
  `updated_at` timestamp(0) NULL DEFAULT NULL,
  PRIMARY KEY (`id`) USING BTREE,
  INDEX `custom_pages_content_objects_id_foreign`(`form_content_object_id`) USING BTREE,
  CONSTRAINT `form_custom_pages_ibfk_2` FOREIGN KEY (`form_content_object_id`) REFERENCES `form_content_objects` (`id`) ON DELETE CASCADE ON UPDATE RESTRICT
) ENGINE = InnoDB AUTO_INCREMENT = 29 CHARACTER SET = utf8mb4 COLLATE = utf8mb4_unicode_ci ROW_FORMAT = Dynamic;

-- ----------------------------
-- Records of form_custom_pages
-- ----------------------------
INSERT INTO `form_custom_pages` VALUES (5, '{\"ka\":{\"b4760d06af96|name\":{\"form_object_id\":3,\"form_object_type_id\":1,\"label\":\"Name\",\"object_type_key\":\"input-text\",\"key\":1,\"value\":null},\"05bea137eb09|subject\":{\"form_object_id\":3,\"form_object_type_id\":1,\"label\":\"Subject\",\"object_type_key\":\"input-text\",\"key\":2,\"value\":null},\"be60af2911e5|phone\":{\"form_object_id\":3,\"form_object_type_id\":4,\"label\":\"Phone\",\"object_type_key\":\"number-input\",\"key\":3,\"value\":null},\"417507bb869c|email\":{\"form_object_id\":3,\"form_object_type_id\":3,\"label\":\"Email\",\"object_type_key\":\"email\",\"key\":4,\"value\":null},\"55efd3ab9fe5|message\":{\"form_object_id\":3,\"form_object_type_id\":2,\"label\":\"Message\",\"object_type_key\":\"textarea\",\"key\":5,\"value\":null}},\"ger\":\"\"}', 6, '2023-04-07 16:35:01', NULL, '2023-04-07 16:35:01');
INSERT INTO `form_custom_pages` VALUES (24, '{\"ka\":{\"b4760d06af96|name\":{\"form_object_id\":3,\"form_object_type_id\":1,\"label\":\"Name\",\"object_type_key\":\"input-text\",\"key\":1,\"value\":\"nika\"},\"05bea137eb09|subject\":{\"form_object_id\":3,\"form_object_type_id\":1,\"label\":\"Subject\",\"object_type_key\":\"input-text\",\"key\":2,\"value\":\"shekveta\"},\"be60af2911e5|phone\":{\"form_object_id\":3,\"form_object_type_id\":4,\"label\":\"Phone\",\"object_type_key\":\"number-input\",\"key\":3,\"value\":\"551315320\"},\"417507bb869c|email\":{\"form_object_id\":3,\"form_object_type_id\":3,\"label\":\"Email\",\"object_type_key\":\"email\",\"key\":4,\"value\":null},\"55efd3ab9fe5|message\":{\"form_object_id\":3,\"form_object_type_id\":2,\"label\":\"Message\",\"object_type_key\":\"textarea\",\"key\":5,\"value\":\"rame mesiji aq\"}},\"en\":{\"b4760d06af96|name\":{\"form_object_id\":3,\"form_object_type_id\":1,\"label\":\"Name\",\"object_type_key\":\"input-text\",\"key\":1,\"value\":\"nika\"},\"05bea137eb09|subject\":{\"form_object_id\":3,\"form_object_type_id\":1,\"label\":\"Subject\",\"object_type_key\":\"input-text\",\"key\":2,\"value\":\"shekveta\"},\"be60af2911e5|phone\":{\"form_object_id\":3,\"form_object_type_id\":4,\"label\":\"Phone\",\"object_type_key\":\"number-input\",\"key\":3,\"value\":\"551315320\"},\"417507bb869c|email\":{\"form_object_id\":3,\"form_object_type_id\":3,\"label\":\"Email\",\"object_type_key\":\"email\",\"key\":4,\"value\":null},\"55efd3ab9fe5|message\":{\"form_object_id\":3,\"form_object_type_id\":2,\"label\":\"Message\",\"object_type_key\":\"textarea\",\"key\":5,\"value\":\"rame mesiji aq\"}},\"ru\":{\"b4760d06af96|name\":{\"form_object_id\":3,\"form_object_type_id\":1,\"label\":\"Name\",\"object_type_key\":\"input-text\",\"key\":1,\"value\":\"nika\"},\"05bea137eb09|subject\":{\"form_object_id\":3,\"form_object_type_id\":1,\"label\":\"Subject\",\"object_type_key\":\"input-text\",\"key\":2,\"value\":\"shekveta\"},\"be60af2911e5|phone\":{\"form_object_id\":3,\"form_object_type_id\":4,\"label\":\"Phone\",\"object_type_key\":\"number-input\",\"key\":3,\"value\":\"551315320\"},\"417507bb869c|email\":{\"form_object_id\":3,\"form_object_type_id\":3,\"label\":\"Email\",\"object_type_key\":\"email\",\"key\":4,\"value\":null},\"55efd3ab9fe5|message\":{\"form_object_id\":3,\"form_object_type_id\":2,\"label\":\"Message\",\"object_type_key\":\"textarea\",\"key\":5,\"value\":\"rame mesiji aq\"}},\"ger\":{\"b4760d06af96|name\":{\"form_object_id\":3,\"form_object_type_id\":1,\"label\":\"Name\",\"object_type_key\":\"input-text\",\"key\":1,\"value\":\"nika\"},\"05bea137eb09|subject\":{\"form_object_id\":3,\"form_object_type_id\":1,\"label\":\"Subject\",\"object_type_key\":\"input-text\",\"key\":2,\"value\":\"shekveta\"},\"be60af2911e5|phone\":{\"form_object_id\":3,\"form_object_type_id\":4,\"label\":\"Phone\",\"object_type_key\":\"number-input\",\"key\":3,\"value\":\"551315320\"},\"417507bb869c|email\":{\"form_object_id\":3,\"form_object_type_id\":3,\"label\":\"Email\",\"object_type_key\":\"email\",\"key\":4,\"value\":null},\"55efd3ab9fe5|message\":{\"form_object_id\":3,\"form_object_type_id\":2,\"label\":\"Message\",\"object_type_key\":\"textarea\",\"key\":5,\"value\":\"rame mesiji aq\"}}}', 33, '2023-04-11 15:32:14', NULL, '2023-04-11 15:32:14');
INSERT INTO `form_custom_pages` VALUES (25, '{\"ka\":{\"b4760d06af96|name\":{\"form_object_id\":3,\"form_object_type_id\":1,\"label\":\"Name\",\"object_type_key\":\"input-text\",\"key\":1,\"value\":\"jemali\"},\"05bea137eb09|subject\":{\"form_object_id\":3,\"form_object_type_id\":1,\"label\":\"Subject\",\"object_type_key\":\"input-text\",\"key\":2,\"value\":\"jemalis subj\"},\"be60af2911e5|phone\":{\"form_object_id\":3,\"form_object_type_id\":4,\"label\":\"Phone\",\"object_type_key\":\"number-input\",\"key\":3,\"value\":\"24223423432\"},\"417507bb869c|email\":{\"form_object_id\":3,\"form_object_type_id\":3,\"label\":\"Email\",\"object_type_key\":\"email\",\"key\":4,\"value\":null},\"55efd3ab9fe5|message\":{\"form_object_id\":3,\"form_object_type_id\":2,\"label\":\"Message\",\"object_type_key\":\"textarea\",\"key\":5,\"value\":\"jemalas texi\"}},\"en\":{\"b4760d06af96|name\":{\"form_object_id\":3,\"form_object_type_id\":1,\"label\":\"Name\",\"object_type_key\":\"input-text\",\"key\":1,\"value\":\"jemali\"},\"05bea137eb09|subject\":{\"form_object_id\":3,\"form_object_type_id\":1,\"label\":\"Subject\",\"object_type_key\":\"input-text\",\"key\":2,\"value\":\"jemalis subj\"},\"be60af2911e5|phone\":{\"form_object_id\":3,\"form_object_type_id\":4,\"label\":\"Phone\",\"object_type_key\":\"number-input\",\"key\":3,\"value\":\"24223423432\"},\"417507bb869c|email\":{\"form_object_id\":3,\"form_object_type_id\":3,\"label\":\"Email\",\"object_type_key\":\"email\",\"key\":4,\"value\":null},\"55efd3ab9fe5|message\":{\"form_object_id\":3,\"form_object_type_id\":2,\"label\":\"Message\",\"object_type_key\":\"textarea\",\"key\":5,\"value\":\"jemalas texi\"}},\"ru\":{\"b4760d06af96|name\":{\"form_object_id\":3,\"form_object_type_id\":1,\"label\":\"Name\",\"object_type_key\":\"input-text\",\"key\":1,\"value\":\"jemali\"},\"05bea137eb09|subject\":{\"form_object_id\":3,\"form_object_type_id\":1,\"label\":\"Subject\",\"object_type_key\":\"input-text\",\"key\":2,\"value\":\"jemalis subj\"},\"be60af2911e5|phone\":{\"form_object_id\":3,\"form_object_type_id\":4,\"label\":\"Phone\",\"object_type_key\":\"number-input\",\"key\":3,\"value\":\"24223423432\"},\"417507bb869c|email\":{\"form_object_id\":3,\"form_object_type_id\":3,\"label\":\"Email\",\"object_type_key\":\"email\",\"key\":4,\"value\":null},\"55efd3ab9fe5|message\":{\"form_object_id\":3,\"form_object_type_id\":2,\"label\":\"Message\",\"object_type_key\":\"textarea\",\"key\":5,\"value\":\"jemalas texi\"}},\"ger\":{\"b4760d06af96|name\":{\"form_object_id\":3,\"form_object_type_id\":1,\"label\":\"Name\",\"object_type_key\":\"input-text\",\"key\":1,\"value\":\"jemali\"},\"05bea137eb09|subject\":{\"form_object_id\":3,\"form_object_type_id\":1,\"label\":\"Subject\",\"object_type_key\":\"input-text\",\"key\":2,\"value\":\"jemalis subj\"},\"be60af2911e5|phone\":{\"form_object_id\":3,\"form_object_type_id\":4,\"label\":\"Phone\",\"object_type_key\":\"number-input\",\"key\":3,\"value\":\"24223423432\"},\"417507bb869c|email\":{\"form_object_id\":3,\"form_object_type_id\":3,\"label\":\"Email\",\"object_type_key\":\"email\",\"key\":4,\"value\":null},\"55efd3ab9fe5|message\":{\"form_object_id\":3,\"form_object_type_id\":2,\"label\":\"Message\",\"object_type_key\":\"textarea\",\"key\":5,\"value\":\"jemalas texi\"}}}', 34, '2023-04-11 15:42:37', NULL, '2023-04-11 15:42:37');
INSERT INTO `form_custom_pages` VALUES (26, '{\"ka\":{\"b4760d06af96|name\":{\"form_object_id\":3,\"form_object_type_id\":1,\"label\":\"Name\",\"object_type_key\":\"input-text\",\"key\":1,\"value\":\"jemali\"},\"05bea137eb09|subject\":{\"form_object_id\":3,\"form_object_type_id\":1,\"label\":\"Subject\",\"object_type_key\":\"input-text\",\"key\":2,\"value\":\"jemalis subj\"},\"be60af2911e5|phone\":{\"form_object_id\":3,\"form_object_type_id\":4,\"label\":\"Phone\",\"object_type_key\":\"number-input\",\"key\":3,\"value\":\"24223423432\"},\"417507bb869c|email\":{\"form_object_id\":3,\"form_object_type_id\":3,\"label\":\"Email\",\"object_type_key\":\"email\",\"key\":4,\"value\":null},\"55efd3ab9fe5|message\":{\"form_object_id\":3,\"form_object_type_id\":2,\"label\":\"Message\",\"object_type_key\":\"textarea\",\"key\":5,\"value\":\"jemalas texi\"}},\"en\":{\"b4760d06af96|name\":{\"form_object_id\":3,\"form_object_type_id\":1,\"label\":\"Name\",\"object_type_key\":\"input-text\",\"key\":1,\"value\":\"jemali\"},\"05bea137eb09|subject\":{\"form_object_id\":3,\"form_object_type_id\":1,\"label\":\"Subject\",\"object_type_key\":\"input-text\",\"key\":2,\"value\":\"jemalis subj\"},\"be60af2911e5|phone\":{\"form_object_id\":3,\"form_object_type_id\":4,\"label\":\"Phone\",\"object_type_key\":\"number-input\",\"key\":3,\"value\":\"24223423432\"},\"417507bb869c|email\":{\"form_object_id\":3,\"form_object_type_id\":3,\"label\":\"Email\",\"object_type_key\":\"email\",\"key\":4,\"value\":null},\"55efd3ab9fe5|message\":{\"form_object_id\":3,\"form_object_type_id\":2,\"label\":\"Message\",\"object_type_key\":\"textarea\",\"key\":5,\"value\":\"jemalas texi\"}},\"ru\":{\"b4760d06af96|name\":{\"form_object_id\":3,\"form_object_type_id\":1,\"label\":\"Name\",\"object_type_key\":\"input-text\",\"key\":1,\"value\":\"jemali\"},\"05bea137eb09|subject\":{\"form_object_id\":3,\"form_object_type_id\":1,\"label\":\"Subject\",\"object_type_key\":\"input-text\",\"key\":2,\"value\":\"jemalis subj\"},\"be60af2911e5|phone\":{\"form_object_id\":3,\"form_object_type_id\":4,\"label\":\"Phone\",\"object_type_key\":\"number-input\",\"key\":3,\"value\":\"24223423432\"},\"417507bb869c|email\":{\"form_object_id\":3,\"form_object_type_id\":3,\"label\":\"Email\",\"object_type_key\":\"email\",\"key\":4,\"value\":null},\"55efd3ab9fe5|message\":{\"form_object_id\":3,\"form_object_type_id\":2,\"label\":\"Message\",\"object_type_key\":\"textarea\",\"key\":5,\"value\":\"jemalas texi\"}},\"ger\":{\"b4760d06af96|name\":{\"form_object_id\":3,\"form_object_type_id\":1,\"label\":\"Name\",\"object_type_key\":\"input-text\",\"key\":1,\"value\":\"jemali\"},\"05bea137eb09|subject\":{\"form_object_id\":3,\"form_object_type_id\":1,\"label\":\"Subject\",\"object_type_key\":\"input-text\",\"key\":2,\"value\":\"jemalis subj\"},\"be60af2911e5|phone\":{\"form_object_id\":3,\"form_object_type_id\":4,\"label\":\"Phone\",\"object_type_key\":\"number-input\",\"key\":3,\"value\":\"24223423432\"},\"417507bb869c|email\":{\"form_object_id\":3,\"form_object_type_id\":3,\"label\":\"Email\",\"object_type_key\":\"email\",\"key\":4,\"value\":null},\"55efd3ab9fe5|message\":{\"form_object_id\":3,\"form_object_type_id\":2,\"label\":\"Message\",\"object_type_key\":\"textarea\",\"key\":5,\"value\":\"jemalas texi\"}}}', 35, '2023-04-11 15:47:25', NULL, '2023-04-11 15:47:25');
INSERT INTO `form_custom_pages` VALUES (27, '{\"ka\":{\"b4760d06af96|name\":{\"form_object_id\":3,\"form_object_type_id\":1,\"label\":\"Name\",\"object_type_key\":\"input-text\",\"key\":1,\"value\":\"temo\"},\"05bea137eb09|subject\":{\"form_object_id\":3,\"form_object_type_id\":1,\"label\":\"Subject\",\"object_type_key\":\"input-text\",\"key\":2,\"value\":\"temos subject\"},\"be60af2911e5|phone\":{\"form_object_id\":3,\"form_object_type_id\":4,\"label\":\"Phone\",\"object_type_key\":\"number-input\",\"key\":3,\"value\":\"111222333\"},\"417507bb869c|email\":{\"form_object_id\":3,\"form_object_type_id\":3,\"label\":\"Email\",\"object_type_key\":\"email\",\"key\":4,\"value\":null},\"55efd3ab9fe5|message\":{\"form_object_id\":3,\"form_object_type_id\":2,\"label\":\"Message\",\"object_type_key\":\"textarea\",\"key\":5,\"value\":\"temos text\"}},\"en\":{\"b4760d06af96|name\":{\"form_object_id\":3,\"form_object_type_id\":1,\"label\":\"Name\",\"object_type_key\":\"input-text\",\"key\":1,\"value\":\"temo\"},\"05bea137eb09|subject\":{\"form_object_id\":3,\"form_object_type_id\":1,\"label\":\"Subject\",\"object_type_key\":\"input-text\",\"key\":2,\"value\":\"temos subject\"},\"be60af2911e5|phone\":{\"form_object_id\":3,\"form_object_type_id\":4,\"label\":\"Phone\",\"object_type_key\":\"number-input\",\"key\":3,\"value\":\"111222333\"},\"417507bb869c|email\":{\"form_object_id\":3,\"form_object_type_id\":3,\"label\":\"Email\",\"object_type_key\":\"email\",\"key\":4,\"value\":null},\"55efd3ab9fe5|message\":{\"form_object_id\":3,\"form_object_type_id\":2,\"label\":\"Message\",\"object_type_key\":\"textarea\",\"key\":5,\"value\":\"temos text\"}},\"ru\":{\"b4760d06af96|name\":{\"form_object_id\":3,\"form_object_type_id\":1,\"label\":\"Name\",\"object_type_key\":\"input-text\",\"key\":1,\"value\":\"temo\"},\"05bea137eb09|subject\":{\"form_object_id\":3,\"form_object_type_id\":1,\"label\":\"Subject\",\"object_type_key\":\"input-text\",\"key\":2,\"value\":\"temos subject\"},\"be60af2911e5|phone\":{\"form_object_id\":3,\"form_object_type_id\":4,\"label\":\"Phone\",\"object_type_key\":\"number-input\",\"key\":3,\"value\":\"111222333\"},\"417507bb869c|email\":{\"form_object_id\":3,\"form_object_type_id\":3,\"label\":\"Email\",\"object_type_key\":\"email\",\"key\":4,\"value\":null},\"55efd3ab9fe5|message\":{\"form_object_id\":3,\"form_object_type_id\":2,\"label\":\"Message\",\"object_type_key\":\"textarea\",\"key\":5,\"value\":\"temos text\"}},\"ger\":{\"b4760d06af96|name\":{\"form_object_id\":3,\"form_object_type_id\":1,\"label\":\"Name\",\"object_type_key\":\"input-text\",\"key\":1,\"value\":\"temo\"},\"05bea137eb09|subject\":{\"form_object_id\":3,\"form_object_type_id\":1,\"label\":\"Subject\",\"object_type_key\":\"input-text\",\"key\":2,\"value\":\"temos subject\"},\"be60af2911e5|phone\":{\"form_object_id\":3,\"form_object_type_id\":4,\"label\":\"Phone\",\"object_type_key\":\"number-input\",\"key\":3,\"value\":\"111222333\"},\"417507bb869c|email\":{\"form_object_id\":3,\"form_object_type_id\":3,\"label\":\"Email\",\"object_type_key\":\"email\",\"key\":4,\"value\":null},\"55efd3ab9fe5|message\":{\"form_object_id\":3,\"form_object_type_id\":2,\"label\":\"Message\",\"object_type_key\":\"textarea\",\"key\":5,\"value\":\"temos text\"}}}', 36, '2023-04-11 16:58:26', NULL, '2023-04-11 16:58:26');
INSERT INTO `form_custom_pages` VALUES (28, '{\"ka\":{\"b4760d06af96|name\":{\"form_object_id\":3,\"form_object_type_id\":1,\"label\":\"Name\",\"object_type_key\":\"input-text\",\"key\":1,\"value\":\"fdgdgd\"},\"05bea137eb09|subject\":{\"form_object_id\":3,\"form_object_type_id\":1,\"label\":\"Subject\",\"object_type_key\":\"input-text\",\"key\":2,\"value\":\"dgdg\"},\"be60af2911e5|phone\":{\"form_object_id\":3,\"form_object_type_id\":4,\"label\":\"Phone\",\"object_type_key\":\"number-input\",\"key\":3,\"value\":null},\"417507bb869c|email\":{\"form_object_id\":3,\"form_object_type_id\":3,\"label\":\"Email\",\"object_type_key\":\"email\",\"key\":4,\"value\":\"dfgdg@sfsf\"},\"55efd3ab9fe5|message\":{\"form_object_id\":3,\"form_object_type_id\":2,\"label\":\"Message\",\"object_type_key\":\"textarea\",\"key\":5,\"value\":null}},\"en\":{\"b4760d06af96|name\":{\"form_object_id\":3,\"form_object_type_id\":1,\"label\":\"Name\",\"object_type_key\":\"input-text\",\"key\":1,\"value\":\"fdgdgd\"},\"05bea137eb09|subject\":{\"form_object_id\":3,\"form_object_type_id\":1,\"label\":\"Subject\",\"object_type_key\":\"input-text\",\"key\":2,\"value\":\"dgdg\"},\"be60af2911e5|phone\":{\"form_object_id\":3,\"form_object_type_id\":4,\"label\":\"Phone\",\"object_type_key\":\"number-input\",\"key\":3,\"value\":null},\"417507bb869c|email\":{\"form_object_id\":3,\"form_object_type_id\":3,\"label\":\"Email\",\"object_type_key\":\"email\",\"key\":4,\"value\":\"dfgdg@sfsf\"},\"55efd3ab9fe5|message\":{\"form_object_id\":3,\"form_object_type_id\":2,\"label\":\"Message\",\"object_type_key\":\"textarea\",\"key\":5,\"value\":null}},\"ru\":{\"b4760d06af96|name\":{\"form_object_id\":3,\"form_object_type_id\":1,\"label\":\"Name\",\"object_type_key\":\"input-text\",\"key\":1,\"value\":\"fdgdgd\"},\"05bea137eb09|subject\":{\"form_object_id\":3,\"form_object_type_id\":1,\"label\":\"Subject\",\"object_type_key\":\"input-text\",\"key\":2,\"value\":\"dgdg\"},\"be60af2911e5|phone\":{\"form_object_id\":3,\"form_object_type_id\":4,\"label\":\"Phone\",\"object_type_key\":\"number-input\",\"key\":3,\"value\":null},\"417507bb869c|email\":{\"form_object_id\":3,\"form_object_type_id\":3,\"label\":\"Email\",\"object_type_key\":\"email\",\"key\":4,\"value\":\"dfgdg@sfsf\"},\"55efd3ab9fe5|message\":{\"form_object_id\":3,\"form_object_type_id\":2,\"label\":\"Message\",\"object_type_key\":\"textarea\",\"key\":5,\"value\":null}},\"ger\":{\"b4760d06af96|name\":{\"form_object_id\":3,\"form_object_type_id\":1,\"label\":\"Name\",\"object_type_key\":\"input-text\",\"key\":1,\"value\":\"fdgdgd\"},\"05bea137eb09|subject\":{\"form_object_id\":3,\"form_object_type_id\":1,\"label\":\"Subject\",\"object_type_key\":\"input-text\",\"key\":2,\"value\":\"dgdg\"},\"be60af2911e5|phone\":{\"form_object_id\":3,\"form_object_type_id\":4,\"label\":\"Phone\",\"object_type_key\":\"number-input\",\"key\":3,\"value\":null},\"417507bb869c|email\":{\"form_object_id\":3,\"form_object_type_id\":3,\"label\":\"Email\",\"object_type_key\":\"email\",\"key\":4,\"value\":\"dfgdg@sfsf\"},\"55efd3ab9fe5|message\":{\"form_object_id\":3,\"form_object_type_id\":2,\"label\":\"Message\",\"object_type_key\":\"textarea\",\"key\":5,\"value\":null}}}', 37, '2023-04-12 12:10:25', NULL, '2023-04-12 12:10:25');

-- ----------------------------
-- Table structure for form_object_types
-- ----------------------------
DROP TABLE IF EXISTS `form_object_types`;
CREATE TABLE `form_object_types`  (
  `id` bigint(20) UNSIGNED NOT NULL AUTO_INCREMENT,
  `name` varchar(255) CHARACTER SET utf8mb4 COLLATE utf8mb4_unicode_ci NOT NULL,
  `key` varchar(255) CHARACTER SET utf8mb4 COLLATE utf8mb4_unicode_ci NOT NULL,
  `type` tinyint(2) NULL DEFAULT 0,
  `is_published` tinyint(1) NOT NULL DEFAULT 1,
  `sort` bigint(20) NOT NULL DEFAULT 0,
  `created_at` timestamp(0) NULL DEFAULT NULL,
  `updated_at` timestamp(0) NULL DEFAULT NULL,
  PRIMARY KEY (`id`) USING BTREE
) ENGINE = InnoDB AUTO_INCREMENT = 5 CHARACTER SET = utf8mb4 COLLATE = utf8mb4_unicode_ci ROW_FORMAT = Dynamic;

-- ----------------------------
-- Records of form_object_types
-- ----------------------------
INSERT INTO `form_object_types` VALUES (1, 'Input Text', 'input-text', 0, 1, 0, '2023-04-07 12:11:56', '2023-04-07 15:46:00');
INSERT INTO `form_object_types` VALUES (2, 'Textarea', 'textarea', 0, 1, 0, '2023-04-07 12:24:06', '2023-04-07 12:24:06');
INSERT INTO `form_object_types` VALUES (3, 'Email', 'email', 0, 1, 0, '2023-04-07 12:24:17', '2023-04-07 12:24:17');
INSERT INTO `form_object_types` VALUES (4, 'Number Input', 'number-input', 0, 1, 0, '2023-04-07 12:24:35', '2023-04-07 12:24:35');

-- ----------------------------
-- Table structure for form_objects
-- ----------------------------
DROP TABLE IF EXISTS `form_objects`;
CREATE TABLE `form_objects`  (
  `id` bigint(20) UNSIGNED NOT NULL AUTO_INCREMENT,
  `name` varchar(255) CHARACTER SET utf8mb4 COLLATE utf8mb4_unicode_ci NOT NULL,
  `slug` varchar(255) CHARACTER SET utf8mb4 COLLATE utf8mb4_unicode_ci NOT NULL,
  `content` longtext CHARACTER SET utf8mb4 COLLATE utf8mb4_unicode_ci NOT NULL,
  `form_object_types_id` bigint(20) UNSIGNED NULL DEFAULT NULL,
  `is_published` tinyint(1) NOT NULL DEFAULT 1,
  `sort` bigint(20) NOT NULL DEFAULT 0,
  `created_at` timestamp(0) NULL DEFAULT NULL,
  `updated_at` timestamp(0) NULL DEFAULT NULL,
  `menu_id` longtext CHARACTER SET utf8mb4 COLLATE utf8mb4_unicode_ci NULL,
  PRIMARY KEY (`id`) USING BTREE,
  INDEX `objects_object_types_id_foreign`(`form_object_types_id`) USING BTREE,
  CONSTRAINT `form_objects_ibfk_1` FOREIGN KEY (`form_object_types_id`) REFERENCES `object_types` (`id`) ON DELETE CASCADE ON UPDATE RESTRICT
) ENGINE = InnoDB AUTO_INCREMENT = 4 CHARACTER SET = utf8mb4 COLLATE = utf8mb4_unicode_ci ROW_FORMAT = Dynamic;

-- ----------------------------
-- Records of form_objects
-- ----------------------------
INSERT INTO `form_objects` VALUES (3, 'Contact', 'contact', '[{\"title\":\"Name\",\"form_object_types_id\":\"1\",\"field_options\":[\"required\"]},{\"title\":\"Subject\",\"form_object_types_id\":\"1\",\"field_options\":[\"required\"]},{\"title\":\"Phone\",\"form_object_types_id\":\"4\",\"field_options\":[\"required\"]},{\"title\":\"Email\",\"form_object_types_id\":\"3\",\"field_options\":[\"required\"]},{\"title\":\"Message\",\"form_object_types_id\":\"2\",\"field_options\":[\"required\"]}]', 2, 1, 0, '2023-04-07 14:45:49', '2023-04-12 12:11:03', NULL);

-- ----------------------------
-- Table structure for languages
-- ----------------------------
DROP TABLE IF EXISTS `languages`;
CREATE TABLE `languages`  (
  `id` bigint(20) UNSIGNED NOT NULL AUTO_INCREMENT,
  `name` varchar(255) CHARACTER SET utf8mb4 COLLATE utf8mb4_unicode_ci NOT NULL,
  `key` varchar(255) CHARACTER SET utf8mb4 COLLATE utf8mb4_unicode_ci NOT NULL,
  `image` varchar(255) CHARACTER SET utf8mb4 COLLATE utf8mb4_unicode_ci NULL DEFAULT NULL,
  `sort` int(255) NULL DEFAULT NULL,
  `is_default` tinyint(2) NULL DEFAULT NULL,
  `created_at` timestamp(0) NULL DEFAULT NULL,
  `updated_at` timestamp(0) NULL DEFAULT NULL,
  PRIMARY KEY (`id`) USING BTREE
) ENGINE = InnoDB AUTO_INCREMENT = 5 CHARACTER SET = utf8mb4 COLLATE = utf8mb4_unicode_ci ROW_FORMAT = Dynamic;

-- ----------------------------
-- Records of languages
-- ----------------------------
INSERT INTO `languages` VALUES (1, 'English', 'en', 'igThyFLaOVkvK47X8TqhodNYGOV1ij-metadXMucG5n-.png', 2, 0, '2023-03-13 15:31:23', '2023-03-15 11:37:07');
INSERT INTO `languages` VALUES (2, 'Georgia', 'ka', 'bgXEE77S9go1C3GmI1jDw8huHACSUg-metaZ2UucG5n-.png', 1, 0, '2023-03-13 15:32:56', '2023-03-15 11:36:17');
INSERT INTO `languages` VALUES (3, 'Russia', 'ru', 'h7N8xPQVDTsxIXsgxOZrTEHdKgmc56-metacnUucG5n-.png', 3, NULL, '2023-03-13 15:33:41', '2023-03-15 11:37:10');
INSERT INTO `languages` VALUES (4, 'German', 'ger', 'labINLJRzfN7t0CW549IDaBlFOX1jj-metaZGUucG5n-.png', 4, NULL, '2023-03-13 15:34:07', '2023-03-15 11:37:10');

-- ----------------------------
-- Table structure for layouts
-- ----------------------------
DROP TABLE IF EXISTS `layouts`;
CREATE TABLE `layouts`  (
  `id` bigint(20) UNSIGNED NOT NULL AUTO_INCREMENT,
  `name` varchar(255) CHARACTER SET utf8mb4 COLLATE utf8mb4_unicode_ci NOT NULL,
  `slug` varchar(255) CHARACTER SET utf8mb4 COLLATE utf8mb4_unicode_ci NOT NULL,
  `created_at` timestamp(0) NULL DEFAULT NULL,
  `updated_at` timestamp(0) NULL DEFAULT NULL,
  PRIMARY KEY (`id`) USING BTREE,
  UNIQUE INDEX `layouts_slug_unique`(`slug`) USING BTREE
) ENGINE = InnoDB AUTO_INCREMENT = 3 CHARACTER SET = utf8mb4 COLLATE = utf8mb4_unicode_ci ROW_FORMAT = Dynamic;

-- ----------------------------
-- Records of layouts
-- ----------------------------
INSERT INTO `layouts` VALUES (1, 'Main', 'main', '2023-03-25 09:36:58', '2023-03-25 09:36:58');
INSERT INTO `layouts` VALUES (2, 'About', 'about', '2023-03-25 09:37:09', '2023-03-25 09:37:09');

-- ----------------------------
-- Table structure for media
-- ----------------------------
DROP TABLE IF EXISTS `media`;
CREATE TABLE `media`  (
  `id` bigint(20) UNSIGNED NOT NULL AUTO_INCREMENT,
  `model_type` varchar(255) CHARACTER SET utf8mb4 COLLATE utf8mb4_unicode_ci NOT NULL,
  `model_id` bigint(20) UNSIGNED NOT NULL,
  `uuid` char(36) CHARACTER SET utf8mb4 COLLATE utf8mb4_unicode_ci NULL DEFAULT NULL,
  `collection_name` varchar(255) CHARACTER SET utf8mb4 COLLATE utf8mb4_unicode_ci NOT NULL,
  `name` varchar(255) CHARACTER SET utf8mb4 COLLATE utf8mb4_unicode_ci NOT NULL,
  `file_name` varchar(255) CHARACTER SET utf8mb4 COLLATE utf8mb4_unicode_ci NOT NULL,
  `mime_type` varchar(255) CHARACTER SET utf8mb4 COLLATE utf8mb4_unicode_ci NULL DEFAULT NULL,
  `disk` varchar(255) CHARACTER SET utf8mb4 COLLATE utf8mb4_unicode_ci NOT NULL,
  `conversions_disk` varchar(255) CHARACTER SET utf8mb4 COLLATE utf8mb4_unicode_ci NULL DEFAULT NULL,
  `size` bigint(20) UNSIGNED NOT NULL,
  `manipulations` json NOT NULL,
  `custom_properties` json NOT NULL,
  `generated_conversions` json NOT NULL,
  `responsive_images` json NOT NULL,
  `order_column` int(10) UNSIGNED NULL DEFAULT NULL,
  `created_at` timestamp(0) NULL DEFAULT NULL,
  `updated_at` timestamp(0) NULL DEFAULT NULL,
  PRIMARY KEY (`id`) USING BTREE,
  UNIQUE INDEX `media_uuid_unique`(`uuid`) USING BTREE,
  INDEX `media_model_type_model_id_index`(`model_type`, `model_id`) USING BTREE,
  INDEX `media_order_column_index`(`order_column`) USING BTREE
) ENGINE = InnoDB AUTO_INCREMENT = 67 CHARACTER SET = utf8mb4 COLLATE = utf8mb4_unicode_ci ROW_FORMAT = Dynamic;

-- ----------------------------
-- Records of media
-- ----------------------------
INSERT INTO `media` VALUES (1, 'BossmanFilamentApp\\Models\\ContentObject', 7, '593ae6bc-afd6-4f47-a548-27aab7587e38', 'gallery', 'logo', 'logo.png', 'image/png', 'public', 'public', 9187, '[]', '[]', '{\"preview\": true}', '[]', 1, '2023-03-17 13:48:24', '2023-03-17 13:48:24');
INSERT INTO `media` VALUES (2, 'BossmanFilamentApp\\Models\\ContentObject', 8, '22c83e6d-4c93-434a-b854-f7c8d1de9753', 'gallery', 'bg1', 'bg1.jpg', 'image/jpeg', 'public', 'public', 42980, '[]', '[]', '{\"preview\": true}', '[]', 1, '2023-03-17 15:06:56', '2023-03-17 15:06:57');
INSERT INTO `media` VALUES (3, 'BossmanFilamentApp\\Models\\ContentObject', 9, 'f994b785-9c54-4206-8a36-8e3521ef6945', 'gallery', 'bg2', 'bg2.jpg', 'image/jpeg', 'public', 'public', 45225, '[]', '[]', '{\"preview\": true}', '[]', 1, '2023-03-17 15:22:37', '2023-03-17 15:22:38');
INSERT INTO `media` VALUES (4, 'BossmanFilamentApp\\Models\\ContentObject', 10, '069a15e2-4d6b-4a2a-83f2-f1b4b24611f1', 'gallery', 'bg3', 'bg3.jpg', 'image/jpeg', 'public', 'public', 33021, '[]', '[]', '{\"preview\": true}', '[]', 1, '2023-03-17 15:23:47', '2023-03-17 15:23:48');
INSERT INTO `media` VALUES (5, 'BossmanFilamentApp\\Models\\ContentObject', 29, 'bbe29590-79b4-492b-b3c8-72f336547b05', 'gallery', 'fact1', 'fact1.png', 'image/png', 'public', 'public', 1038, '[]', '[]', '{\"preview\": true}', '[]', 1, '2023-03-18 11:20:14', '2023-03-18 11:20:14');
INSERT INTO `media` VALUES (6, 'BossmanFilamentApp\\Models\\ContentObject', 30, '7b53bb83-0add-4363-b161-485a708d3cc6', 'gallery', 'fact2', 'fact2.png', 'image/png', 'public', 'public', 1187, '[]', '[]', '{\"preview\": true}', '[]', 1, '2023-03-18 11:20:57', '2023-03-18 11:20:57');
INSERT INTO `media` VALUES (7, 'BossmanFilamentApp\\Models\\ContentObject', 31, '4914b246-92ee-4f9a-9565-a090c5875cb0', 'gallery', 'fact3', 'fact3.png', 'image/png', 'public', 'public', 942, '[]', '[]', '{\"preview\": true}', '[]', 1, '2023-03-18 11:21:40', '2023-03-18 11:21:41');
INSERT INTO `media` VALUES (8, 'BossmanFilamentApp\\Models\\ContentObject', 32, 'c14b5b8e-a417-45f6-850f-4a664833ae40', 'gallery', 'fact4', 'fact4.png', 'image/png', 'public', 'public', 1543, '[]', '[]', '{\"preview\": true}', '[]', 1, '2023-03-18 11:22:13', '2023-03-18 11:22:13');
INSERT INTO `media` VALUES (9, 'BossmanFilamentApp\\Models\\ContentObject', 39, '43eec453-9ae3-4bc8-bd29-489822149155', 'gallery', 'service-icon1', 'service-icon1.png', 'image/png', 'public', 'public', 1212, '[]', '[]', '{\"preview\": true}', '[]', 1, '2023-03-18 15:15:20', '2023-03-18 15:15:20');
INSERT INTO `media` VALUES (10, 'BossmanFilamentApp\\Models\\ContentObject', 40, '4d1be94f-1d18-411d-a953-6f460624dd68', 'gallery', 'service-icon2', 'service-icon2.png', 'image/png', 'public', 'public', 1476, '[]', '[]', '{\"preview\": true}', '[]', 1, '2023-03-18 15:16:36', '2023-03-18 15:16:36');
INSERT INTO `media` VALUES (11, 'BossmanFilamentApp\\Models\\ContentObject', 41, '9171dff6-549a-4f79-9163-858ddb0692ae', 'gallery', 'service-icon3', 'service-icon3.png', 'image/png', 'public', 'public', 1386, '[]', '[]', '{\"preview\": true}', '[]', 1, '2023-03-18 15:17:13', '2023-03-18 15:17:13');
INSERT INTO `media` VALUES (12, 'BossmanFilamentApp\\Models\\ContentObject', 44, '8446ee35-09f5-43b7-9979-62e05e9e3e24', 'gallery', 'service-icon4', 'service-icon4.png', 'image/png', 'public', 'public', 1307, '[]', '[]', '{\"preview\": true}', '[]', 1, '2023-03-18 15:20:26', '2023-03-18 15:20:27');
INSERT INTO `media` VALUES (13, 'BossmanFilamentApp\\Models\\ContentObject', 45, '2f8c9d94-e70a-41a8-a312-26b9a37a23da', 'gallery', 'service-icon5', 'service-icon5.png', 'image/png', 'public', 'public', 1424, '[]', '[]', '{\"preview\": true}', '[]', 1, '2023-03-18 15:21:19', '2023-03-18 15:21:19');
INSERT INTO `media` VALUES (14, 'BossmanFilamentApp\\Models\\ContentObject', 46, 'c8bebb9c-a24e-4b60-bcad-8135943cecb0', 'gallery', 'service-icon6', 'service-icon6.png', 'image/png', 'public', 'public', 1230, '[]', '[]', '{\"preview\": true}', '[]', 1, '2023-03-18 15:22:00', '2023-03-18 15:22:01');
INSERT INTO `media` VALUES (15, 'BossmanFilamentApp\\Models\\ContentObject', 47, 'eb4ac1ef-3863-4da9-8289-c938e08a7070', 'gallery', 'service-center', 'service-center.jpg', 'image/jpeg', 'public', 'public', 53680, '[]', '[]', '{\"preview\": true}', '[]', 1, '2023-03-18 15:23:39', '2023-03-18 15:23:39');
INSERT INTO `media` VALUES (19, 'BossmanFilamentApp\\Models\\ContentObject', 61, '800a0460-fe93-469a-860c-ee49b09150ec', 'gallery', 'project5', 'project5.jpg', 'image/jpeg', 'public', 'public', 70914, '[]', '[]', '{\"preview\": true}', '[]', 1, '2023-03-19 09:47:09', '2023-03-19 09:47:09');
INSERT INTO `media` VALUES (20, 'BossmanFilamentApp\\Models\\ContentObject', 62, '77662918-438c-48d1-ba50-8aaad3f5cd3c', 'gallery', 'project1', 'project1.jpg', 'image/jpeg', 'public', 'public', 78215, '[]', '[]', '{\"preview\": true}', '[]', 1, '2023-03-19 09:47:42', '2023-03-19 09:47:42');
INSERT INTO `media` VALUES (21, 'BossmanFilamentApp\\Models\\ContentObject', 63, 'ac453d2f-ed8e-4d9b-8049-0549e6fe3aa6', 'gallery', 'project3', 'project3.jpg', 'image/jpeg', 'public', 'public', 72664, '[]', '[]', '{\"preview\": true}', '[]', 1, '2023-03-19 09:48:26', '2023-03-19 09:48:26');
INSERT INTO `media` VALUES (22, 'BossmanFilamentApp\\Models\\ContentObject', 64, '68ffb303-0318-4426-8194-ab7a625100f4', 'gallery', 'project4', 'project4.jpg', 'image/jpeg', 'public', 'public', 49806, '[]', '[]', '{\"preview\": true}', '[]', 1, '2023-03-19 09:48:57', '2023-03-19 09:48:58');
INSERT INTO `media` VALUES (24, 'BossmanFilamentApp\\Models\\ContentObject', 66, 'a767d3f4-168a-40c6-b738-006d45f5307a', 'gallery', 'project6', 'project6.jpg', 'image/jpeg', 'public', 'public', 40256, '[]', '[]', '{\"preview\": true}', '[]', 1, '2023-03-19 09:49:51', '2023-03-19 09:49:51');
INSERT INTO `media` VALUES (26, 'BossmanFilamentApp\\Models\\ContentObject', 68, 'dce084d2-29d9-4219-94bb-c3cf228f6354', 'gallery', 'project2', 'project2.jpg', 'image/jpeg', 'public', 'public', 82224, '[]', '[]', '{\"preview\": true}', '[]', 1, '2023-03-19 09:50:43', '2023-03-19 09:50:44');
INSERT INTO `media` VALUES (27, 'BossmanFilamentApp\\Models\\ContentObject', 75, '34261114-ae30-4fe9-948b-5c56bf334403', 'gallery', 'client1', 'client1.png', 'image/png', 'public', 'public', 2796, '[]', '[]', '{\"preview\": true}', '[]', 1, '2023-03-20 09:41:06', '2023-03-20 09:41:06');
INSERT INTO `media` VALUES (28, 'BossmanFilamentApp\\Models\\ContentObject', 76, '88202a81-5734-4b51-8980-839df9cb6016', 'gallery', 'client2', 'client2.png', 'image/png', 'public', 'public', 1953, '[]', '[]', '{\"preview\": true}', '[]', 1, '2023-03-20 09:42:50', '2023-03-20 09:42:50');
INSERT INTO `media` VALUES (29, 'BossmanFilamentApp\\Models\\ContentObject', 77, '2f139973-d953-4b04-9877-34a0b87bc5fb', 'gallery', 'client3', 'client3.png', 'image/png', 'public', 'public', 2104, '[]', '[]', '{\"preview\": true}', '[]', 1, '2023-03-20 09:43:02', '2023-03-20 09:43:03');
INSERT INTO `media` VALUES (30, 'BossmanFilamentApp\\Models\\ContentObject', 78, '7eefdc58-d1de-4bee-bbb0-56ad70e8763c', 'gallery', 'client5', 'client5.png', 'image/png', 'public', 'public', 1411, '[]', '[]', '{\"preview\": true}', '[]', 1, '2023-03-20 09:43:17', '2023-03-20 09:43:17');
INSERT INTO `media` VALUES (31, 'BossmanFilamentApp\\Models\\ContentObject', 79, '8ebf620c-94e8-4939-8b2d-6c78e8957f8b', 'gallery', 'client6', 'client6.png', 'image/png', 'public', 'public', 2216, '[]', '[]', '{\"preview\": true}', '[]', 1, '2023-03-20 09:43:30', '2023-03-20 09:43:30');
INSERT INTO `media` VALUES (32, 'BossmanFilamentApp\\Models\\ContentObject', 80, 'b48ef2d4-cd41-40e2-ac1a-426befffa4cf', 'gallery', 'client4', 'client4.png', 'image/png', 'public', 'public', 1788, '[]', '[]', '{\"preview\": true}', '[]', 1, '2023-03-20 09:44:08', '2023-03-20 09:44:09');
INSERT INTO `media` VALUES (33, 'BossmanFilamentApp\\Models\\ContentObject', 72, 'c2f9a390-f928-4557-8c0a-24a9d77e200c', 'gallery', 'testimonial1', 'testimonial1.png', 'image/png', 'public', 'public', 7317, '[]', '[]', '{\"preview\": true}', '[]', 1, '2023-03-20 09:45:44', '2023-03-20 09:45:44');
INSERT INTO `media` VALUES (34, 'BossmanFilamentApp\\Models\\ContentObject', 73, '0d51768f-ce33-4c82-a16e-c0f951ed2b98', 'gallery', 'testimonial2', 'testimonial2.png', 'image/png', 'public', 'public', 6876, '[]', '[]', '{\"preview\": true}', '[]', 1, '2023-03-20 09:46:05', '2023-03-20 09:46:05');
INSERT INTO `media` VALUES (35, 'BossmanFilamentApp\\Models\\ContentObject', 74, 'b60cf24b-4295-459e-b279-6e796feca2ea', 'gallery', 'testimonial3', 'testimonial3.png', 'image/png', 'public', 'public', 7653, '[]', '[]', '{\"preview\": true}', '[]', 1, '2023-03-20 09:46:20', '2023-03-20 09:46:21');
INSERT INTO `media` VALUES (36, 'BossmanFilamentApp\\Models\\ContentObject', 83, 'be079566-47b5-48b6-b862-5be67b5a360a', 'gallery', 'news1', 'news1.jpg', 'image/jpeg', 'public', 'public', 39940, '[]', '[]', '{\"preview\": true}', '[]', 1, '2023-03-20 10:57:57', '2023-03-20 10:57:57');
INSERT INTO `media` VALUES (37, 'BossmanFilamentApp\\Models\\ContentObject', 84, '87bbfe58-c068-4909-9330-245d225f014c', 'gallery', 'news2', 'news2.jpg', 'image/jpeg', 'public', 'public', 46933, '[]', '[]', '{\"preview\": true}', '[]', 1, '2023-03-20 10:58:58', '2023-03-20 10:58:58');
INSERT INTO `media` VALUES (38, 'BossmanFilamentApp\\Models\\ContentObject', 85, '116dc0eb-1007-49a3-b65b-9b00ea573128', 'gallery', 'news3', 'news3.jpg', 'image/jpeg', 'public', 'public', 48959, '[]', '[]', '{\"preview\": true}', '[]', 1, '2023-03-20 10:59:39', '2023-03-20 10:59:40');
INSERT INTO `media` VALUES (39, 'BossmanFilamentApp\\Models\\ContentObject', 163, 'b9482c00-a22c-44f9-b9a6-b1f273da974b', 'gallery', 'project1', 'project1.jpg', 'image/jpeg', 'public', 'public', 78215, '[]', '[]', '{\"preview\": true}', '[]', 1, '2023-03-21 13:35:44', '2023-03-21 13:35:44');
INSERT INTO `media` VALUES (40, 'BossmanFilamentApp\\Models\\ContentObject', 163, '95f603ce-293e-4b9e-922d-81c67b1abec6', 'gallery', 'project2', 'project2.jpg', 'image/jpeg', 'public', 'public', 82224, '[]', '[]', '{\"preview\": true}', '[]', 2, '2023-03-21 13:35:44', '2023-03-21 13:35:44');
INSERT INTO `media` VALUES (41, 'BossmanFilamentApp\\Models\\ContentObject', 164, '4eb01b0e-4ff9-4c4d-b4f9-e1c09d3ca522', 'gallery', 'news2', 'news2.jpg', 'image/jpeg', 'public', 'public', 46933, '[]', '[]', '{\"preview\": true}', '[]', 1, '2023-03-21 13:36:50', '2023-03-21 13:36:51');
INSERT INTO `media` VALUES (42, 'BossmanFilamentApp\\Models\\ContentObject', 164, '9bb91dfb-95d0-4b08-8fa1-adc4cffa2354', 'gallery', 'news1', 'news1.jpg', 'image/jpeg', 'public', 'public', 39940, '[]', '[]', '{\"preview\": true}', '[]', 2, '2023-03-21 13:36:51', '2023-03-21 13:36:51');
INSERT INTO `media` VALUES (43, 'BossmanFilamentApp\\Models\\ContentObject', 165, 'ad88b62e-1acb-4c10-866b-848709d954ec', 'gallery', 'news3', 'news3.jpg', 'image/jpeg', 'public', 'public', 48959, '[]', '[]', '{\"preview\": true}', '[]', 1, '2023-03-21 13:39:41', '2023-03-21 13:39:41');
INSERT INTO `media` VALUES (44, 'BossmanFilamentApp\\Models\\ContentObject', 165, '28a8c1f9-5ddc-446d-80e0-bb6b24fa4ceb', 'gallery', 'news1', 'news1.jpg', 'image/jpeg', 'public', 'public', 39940, '[]', '[]', '{\"preview\": true}', '[]', 2, '2023-03-21 13:39:41', '2023-03-21 13:39:41');
INSERT INTO `media` VALUES (49, 'BossmanFilamentApp\\Models\\ContentObject', 167, '4ee0e405-b18e-4e73-b8c9-8e3862a64323', 'gallery', 'project2', 'project2.jpg', 'image/jpeg', 'public', 'public', 82224, '[]', '[]', '{\"preview\": true}', '[]', 1, '2023-03-21 13:51:03', '2023-03-21 13:51:03');
INSERT INTO `media` VALUES (50, 'BossmanFilamentApp\\Models\\ContentObject', 167, 'fffc72bd-57e2-4271-a520-5ea41c0a28f2', 'gallery', 'news2', 'news2.jpg', 'image/jpeg', 'public', 'public', 46933, '[]', '[]', '{\"preview\": true}', '[]', 2, '2023-03-21 13:51:03', '2023-03-21 13:51:03');
INSERT INTO `media` VALUES (51, 'BossmanFilamentApp\\Models\\ContentObject', 168, 'c75a320d-a35d-4715-9403-cf6a70f295e5', 'gallery', 'news1', 'news1.jpg', 'image/jpeg', 'public', 'public', 39940, '[]', '[]', '{\"preview\": true}', '[]', 1, '2023-03-21 14:29:29', '2023-03-21 14:29:30');
INSERT INTO `media` VALUES (52, 'BossmanFilamentApp\\Models\\ContentObject', 168, 'cd1ccaef-d25a-4824-9ead-461680591759', 'gallery', 'news2', 'news2.jpg', 'image/jpeg', 'public', 'public', 46933, '[]', '[]', '{\"preview\": true}', '[]', 2, '2023-03-21 14:29:30', '2023-03-21 14:29:30');
INSERT INTO `media` VALUES (53, 'BossmanFilamentApp\\Models\\ContentObject', 168, '642ca4cd-4d5c-4424-a920-4d1c6385ebc8', 'gallery', 'news3', 'news3.jpg', 'image/jpeg', 'public', 'public', 48959, '[]', '[]', '{\"preview\": true}', '[]', 3, '2023-03-21 14:29:30', '2023-03-21 14:29:30');
INSERT INTO `media` VALUES (54, 'BossmanFilamentApp\\Models\\ContentObject', 183, '54ce34a2-a947-4b53-98eb-8c078f6f67d2', 'gallery', 'news2', 'news2.jpg', 'image/jpeg', 'public', 'public', 46933, '[]', '[]', '{\"preview\": true}', '[]', 1, '2023-03-22 17:45:02', '2023-03-22 17:45:03');
INSERT INTO `media` VALUES (55, 'BossmanFilamentApp\\Models\\ContentObject', 183, '7c4c69db-425a-452c-a1e3-615c5c3f9755', 'gallery', 'news1', 'news1.jpg', 'image/jpeg', 'public', 'public', 39940, '[]', '[]', '{\"preview\": true}', '[]', 2, '2023-03-22 17:45:03', '2023-03-22 17:45:03');
INSERT INTO `media` VALUES (56, 'BossmanFilamentApp\\Models\\ContentObject', 183, '6bfb27f8-1c36-4ed2-9f53-b2c2a2a146b6', 'gallery', 'news3', 'news3.jpg', 'image/jpeg', 'public', 'public', 48959, '[]', '[]', '{\"preview\": true}', '[]', 3, '2023-03-22 17:45:03', '2023-03-22 17:45:03');
INSERT INTO `media` VALUES (57, 'BossmanFilamentApp\\Models\\ContentObject', 189, '4950e278-5fa4-4919-9e5a-cc926a88ab85', 'gallery', 'slide-page1', 'slide-page1.jpg', 'image/jpeg', 'public', 'public', 36452, '[]', '[]', '{\"preview\": true}', '[]', 1, '2023-03-25 09:16:40', '2023-03-25 09:16:40');
INSERT INTO `media` VALUES (58, 'BossmanFilamentApp\\Models\\ContentObject', 189, '4147b7be-7341-401c-9835-80b05b191960', 'gallery', 'slide-page2', 'slide-page2.jpg', 'image/jpeg', 'public', 'public', 15175, '[]', '[]', '{\"preview\": true}', '[]', 2, '2023-03-25 09:16:40', '2023-03-25 09:16:40');
INSERT INTO `media` VALUES (59, 'BossmanFilamentApp\\Models\\ContentObject', 189, '9ec4edad-671a-4f9e-8377-9e7f3826677c', 'gallery', 'slide-page3', 'slide-page3.jpg', 'image/jpeg', 'public', 'public', 29022, '[]', '[]', '{\"preview\": true}', '[]', 3, '2023-03-25 09:16:40', '2023-03-25 09:16:40');
INSERT INTO `media` VALUES (60, 'BossmanFilamentApp\\Models\\ContentObject', 192, '9b5cb95c-9260-40ed-84f9-793bd449e6f5', 'gallery', 'team1', 'team1.jpg', 'image/jpeg', 'public', 'public', 38100, '[]', '[]', '{\"preview\": true}', '[]', 1, '2023-03-29 09:23:55', '2023-03-29 09:23:55');
INSERT INTO `media` VALUES (62, 'BossmanFilamentApp\\Models\\ContentObject', 194, '42bafe06-db7f-4467-bdf2-4a2ad8f6ccba', 'gallery', 'team2', 'team2.jpg', 'image/jpeg', 'public', 'public', 41604, '[]', '[]', '{\"preview\": true}', '[]', 1, '2023-03-29 09:32:10', '2023-03-29 09:32:10');
INSERT INTO `media` VALUES (63, 'BossmanFilamentApp\\Models\\ContentObject', 195, '1ebb1bdf-b37e-4669-902e-8d4364b14762', 'gallery', 'team3', 'team3.jpg', 'image/jpeg', 'public', 'public', 34117, '[]', '[]', '{\"preview\": true}', '[]', 1, '2023-03-29 09:33:07', '2023-03-29 09:33:07');
INSERT INTO `media` VALUES (64, 'BossmanFilamentApp\\Models\\ContentObject', 196, '79977d45-9142-44a1-ade1-69714eba371b', 'gallery', 'team4', 'team4.jpg', 'image/jpeg', 'public', 'public', 30065, '[]', '[]', '{\"preview\": true}', '[]', 1, '2023-03-29 09:33:52', '2023-03-29 09:33:53');
INSERT INTO `media` VALUES (65, 'BossmanFilamentApp\\Models\\ContentObject', 197, 'e9fc4261-b1ce-4ec4-82a0-86e8e1300550', 'gallery', 'team5', 'team5.jpg', 'image/jpeg', 'public', 'public', 39697, '[]', '[]', '{\"preview\": true}', '[]', 1, '2023-03-29 09:34:52', '2023-03-29 09:34:52');
INSERT INTO `media` VALUES (66, 'BossmanFilamentApp\\Models\\ContentObject', 193, '2ade9511-ce4c-4c08-a0eb-bf6ee3098bde', 'gallery', 'team6', 'team6.jpg', 'image/jpeg', 'public', 'public', 39042, '[]', '[]', '{\"preview\": true}', '[]', 1, '2023-03-29 09:37:14', '2023-03-29 09:37:14');

-- ----------------------------
-- Table structure for menus
-- ----------------------------
DROP TABLE IF EXISTS `menus`;
CREATE TABLE `menus`  (
  `id` bigint(20) UNSIGNED NOT NULL AUTO_INCREMENT,
  `name` varchar(255) CHARACTER SET utf8mb4 COLLATE utf8mb4_unicode_ci NOT NULL,
  `key` varchar(255) CHARACTER SET utf8mb4 COLLATE utf8mb4_unicode_ci NOT NULL,
  `content` longtext CHARACTER SET utf8mb4 COLLATE utf8mb4_unicode_ci NOT NULL,
  `created_at` timestamp(0) NULL DEFAULT NULL,
  `updated_at` timestamp(0) NULL DEFAULT NULL,
  PRIMARY KEY (`id`) USING BTREE
) ENGINE = InnoDB AUTO_INCREMENT = 10 CHARACTER SET = utf8mb4 COLLATE = utf8mb4_unicode_ci ROW_FORMAT = Dynamic;

-- ----------------------------
-- Records of menus
-- ----------------------------
INSERT INTO `menus` VALUES (8, 'slider positions', 'slider-positions', '{\"ka\":[{\"menu_list\":\"center\"},{\"menu_list\":\"left\"},{\"menu_list\":\"right\"}],\"en\":[{\"menu_list\":\"center\"},{\"menu_list\":\"left\"},{\"menu_list\":\"right\"}],\"ru\":[{\"menu_list\":\"center\"},{\"menu_list\":\"left\"},{\"menu_list\":\"right\"}],\"ger\":[{\"menu_list\":\"center\"},{\"menu_list\":\"left\"},{\"menu_list\":\"right\"}]}', '2023-03-17 14:59:36', '2023-03-17 15:09:47');
INSERT INTO `menus` VALUES (9, 'RECENT PROJECTS', 'recent-projects', '{\"ka\":[{\"menu_list\":\"COMMERCIAL\"},{\"menu_list\":\"EDUCATION\"},{\"menu_list\":\"GOVERNMENT\"},{\"menu_list\":\"INFRASTRUCTURE\"},{\"menu_list\":\"RESIDENTIAL\"},{\"menu_list\":\"HEALTHCARE\"}]}', '2023-03-19 11:12:30', '2023-03-19 11:31:13');

-- ----------------------------
-- Table structure for migrations
-- ----------------------------
DROP TABLE IF EXISTS `migrations`;
CREATE TABLE `migrations`  (
  `id` int(10) UNSIGNED NOT NULL AUTO_INCREMENT,
  `migration` varchar(255) CHARACTER SET utf8mb4 COLLATE utf8mb4_unicode_ci NOT NULL,
  `batch` int(11) NOT NULL,
  PRIMARY KEY (`id`) USING BTREE
) ENGINE = InnoDB AUTO_INCREMENT = 42 CHARACTER SET = utf8mb4 COLLATE = utf8mb4_unicode_ci ROW_FORMAT = Dynamic;

-- ----------------------------
-- Records of migrations
-- ----------------------------
INSERT INTO `migrations` VALUES (1, '2014_10_12_000000_create_users_table', 1);
INSERT INTO `migrations` VALUES (2, '2014_10_12_100000_create_password_reset_tokens_table', 1);
INSERT INTO `migrations` VALUES (3, '2019_08_19_000000_create_failed_jobs_table', 1);
INSERT INTO `migrations` VALUES (4, '2019_12_14_000001_create_personal_access_tokens_table', 1);
INSERT INTO `migrations` VALUES (5, '2023_02_22_130012_2023_02_21_131555_tests', 2);
INSERT INTO `migrations` VALUES (14, '2023_02_23_121534_2023_02_22_154933_create_object_types_table', 3);
INSERT INTO `migrations` VALUES (15, '2023_02_23_121535_2023_02_22_154934_create_objects_table', 3);
INSERT INTO `migrations` VALUES (18, '2023_02_24_112251_create_content_objects_table', 4);
INSERT INTO `migrations` VALUES (19, '2023_02_24_114853_create_content_object_items_table', 4);
INSERT INTO `migrations` VALUES (22, '2023_02_25_111340_create_content_object_pages_table', 5);
INSERT INTO `migrations` VALUES (24, '2023_03_06_110037_create_custom_pages_table', 6);
INSERT INTO `migrations` VALUES (25, '2023_03_08_153118_create_media_table', 7);
INSERT INTO `migrations` VALUES (27, '2023_03_09_121520_create_object_type_options_table', 8);
INSERT INTO `migrations` VALUES (28, '2023_03_13_150425_create_languages_table', 9);
INSERT INTO `migrations` VALUES (29, '2023_03_15_125902_create_menus_table', 10);
INSERT INTO `migrations` VALUES (30, '2023_03_21_174543_content_object_blocks_table', 11);
INSERT INTO `migrations` VALUES (31, '2023_03_22_141427_create_relation_views_table', 12);
INSERT INTO `migrations` VALUES (32, '2023_03_25_091916_create_layouts_table', 13);
INSERT INTO `migrations` VALUES (33, '2023_03_29_125325_create_sidebars_table', 14);
INSERT INTO `migrations` VALUES (40, '2023_03_29_134543_create_widgets_table', 15);
INSERT INTO `migrations` VALUES (41, '2023_03_29_134611_create_widget_sidebar_table', 15);

-- ----------------------------
-- Table structure for object_type_options
-- ----------------------------
DROP TABLE IF EXISTS `object_type_options`;
CREATE TABLE `object_type_options`  (
  `id` bigint(20) UNSIGNED NOT NULL AUTO_INCREMENT,
  `name` varchar(255) CHARACTER SET utf8mb4 COLLATE utf8mb4_unicode_ci NOT NULL,
  `key` varchar(255) CHARACTER SET utf8mb4 COLLATE utf8mb4_unicode_ci NOT NULL,
  `object_types_id` bigint(20) UNSIGNED NOT NULL,
  `created_at` timestamp(0) NULL DEFAULT NULL,
  `updated_at` timestamp(0) NULL DEFAULT NULL,
  PRIMARY KEY (`id`) USING BTREE,
  INDEX `object_type_options_object_types_id_foreign`(`object_types_id`) USING BTREE,
  CONSTRAINT `object_type_options_object_types_id_foreign` FOREIGN KEY (`object_types_id`) REFERENCES `object_types` (`id`) ON DELETE CASCADE ON UPDATE RESTRICT
) ENGINE = InnoDB AUTO_INCREMENT = 5 CHARACTER SET = utf8mb4 COLLATE = utf8mb4_unicode_ci ROW_FORMAT = Dynamic;

-- ----------------------------
-- Records of object_type_options
-- ----------------------------
INSERT INTO `object_type_options` VALUES (3, 'Required', 'required', 1, NULL, NULL);
INSERT INTO `object_type_options` VALUES (4, 'Test', 'required', 2, NULL, NULL);

-- ----------------------------
-- Table structure for object_types
-- ----------------------------
DROP TABLE IF EXISTS `object_types`;
CREATE TABLE `object_types`  (
  `id` bigint(20) UNSIGNED NOT NULL AUTO_INCREMENT,
  `name` varchar(255) CHARACTER SET utf8mb4 COLLATE utf8mb4_unicode_ci NOT NULL,
  `key` varchar(255) CHARACTER SET utf8mb4 COLLATE utf8mb4_unicode_ci NOT NULL,
  `type` tinyint(2) NULL DEFAULT 0,
  `is_published` tinyint(1) NOT NULL DEFAULT 1,
  `sort` bigint(20) NOT NULL DEFAULT 0,
  `created_at` timestamp(0) NULL DEFAULT NULL,
  `updated_at` timestamp(0) NULL DEFAULT NULL,
  PRIMARY KEY (`id`) USING BTREE
) ENGINE = InnoDB AUTO_INCREMENT = 11 CHARACTER SET = utf8mb4 COLLATE = utf8mb4_unicode_ci ROW_FORMAT = Dynamic;

-- ----------------------------
-- Records of object_types
-- ----------------------------
INSERT INTO `object_types` VALUES (1, 'Input Text', 'input-text', 0, 1, 1, '2023-02-23 12:15:52', '2023-04-06 12:14:04');
INSERT INTO `object_types` VALUES (2, 'Textarea', 'textarea', 0, 1, 2, '2023-02-23 12:15:58', '2023-04-06 12:13:50');
INSERT INTO `object_types` VALUES (3, 'Rich Text editor', 'rich-text-editor', 0, 1, 3, '2023-02-23 12:16:11', '2023-02-23 12:17:41');
INSERT INTO `object_types` VALUES (4, 'Gallery', 'gallery', 0, 1, 0, '2023-02-25 17:45:17', '2023-02-25 17:45:17');
INSERT INTO `object_types` VALUES (5, 'Dropdown select (single)', 'dropdown-select-single', 0, 1, 0, '2023-03-15 11:40:33', '2023-03-16 17:46:57');
INSERT INTO `object_types` VALUES (6, 'Dropdown select (multiple)', 'dropdown-select-multiple', 0, 1, 0, '2023-03-16 17:47:16', '2023-03-16 17:47:16');
INSERT INTO `object_types` VALUES (7, 'Color picker', 'color-picker', 0, 1, 0, '2023-03-17 16:03:22', '2023-03-17 16:03:22');
INSERT INTO `object_types` VALUES (9, 'Date picker', 'date-picker', 0, 1, 0, '2023-03-20 10:01:14', '2023-03-20 10:01:14');
INSERT INTO `object_types` VALUES (10, 'Form input', 'form-input', 1, 1, 0, '2023-04-06 12:14:21', '2023-04-06 12:14:21');

-- ----------------------------
-- Table structure for objects
-- ----------------------------
DROP TABLE IF EXISTS `objects`;
CREATE TABLE `objects`  (
  `id` bigint(20) UNSIGNED NOT NULL AUTO_INCREMENT,
  `name` varchar(255) CHARACTER SET utf8mb4 COLLATE utf8mb4_unicode_ci NOT NULL,
  `slug` varchar(255) CHARACTER SET utf8mb4 COLLATE utf8mb4_unicode_ci NOT NULL,
  `content` longtext CHARACTER SET utf8mb4 COLLATE utf8mb4_unicode_ci NOT NULL,
  `object_types_id` bigint(20) UNSIGNED NULL DEFAULT NULL,
  `is_published` tinyint(1) NOT NULL DEFAULT 1,
  `sort` bigint(20) NOT NULL DEFAULT 0,
  `created_at` timestamp(0) NULL DEFAULT NULL,
  `updated_at` timestamp(0) NULL DEFAULT NULL,
  `menu_id` longtext CHARACTER SET utf8mb4 COLLATE utf8mb4_unicode_ci NULL,
  PRIMARY KEY (`id`) USING BTREE,
  INDEX `objects_object_types_id_foreign`(`object_types_id`) USING BTREE,
  CONSTRAINT `objects_object_types_id_foreign` FOREIGN KEY (`object_types_id`) REFERENCES `object_types` (`id`) ON DELETE CASCADE ON UPDATE RESTRICT
) ENGINE = InnoDB AUTO_INCREMENT = 48 CHARACTER SET = utf8mb4 COLLATE = utf8mb4_unicode_ci ROW_FORMAT = Dynamic;

-- ----------------------------
-- Records of objects
-- ----------------------------
INSERT INTO `objects` VALUES (30, 'Top bar socaial icons object', 'top-bar-socaial-icons-object', '[{\"title\":\"Address\",\"object_types_id\":\"1\",\"field_options\":[\"required\"],\"single_menu\":null,\"multiple_menu\":null},{\"title\":\"Address Icon\",\"object_types_id\":\"2\",\"field_options\":null,\"single_menu\":null,\"multiple_menu\":null},{\"title\":\"Facebook URL\",\"object_types_id\":\"1\",\"field_options\":null,\"single_menu\":null,\"multiple_menu\":null},{\"title\":\"Facebook Icon\",\"object_types_id\":\"2\",\"field_options\":null,\"single_menu\":null,\"multiple_menu\":null},{\"title\":\"Twitter URL\",\"object_types_id\":\"1\",\"field_options\":null,\"single_menu\":null,\"multiple_menu\":null},{\"title\":\"Twitter Icon\",\"object_types_id\":\"2\",\"field_options\":null,\"single_menu\":null,\"multiple_menu\":null},{\"title\":\"Instagram URL\",\"object_types_id\":\"1\",\"field_options\":null,\"single_menu\":null,\"multiple_menu\":null},{\"title\":\"Instagram Icon\",\"object_types_id\":\"2\",\"field_options\":null,\"single_menu\":null,\"multiple_menu\":null},{\"title\":\"Github URL\",\"object_types_id\":\"1\",\"field_options\":null,\"single_menu\":null,\"multiple_menu\":null},{\"title\":\"Github Icon\",\"object_types_id\":\"2\",\"field_options\":null,\"single_menu\":null,\"multiple_menu\":null}]', 2, 1, 0, '2023-03-17 12:55:24', '2023-03-17 12:55:24', NULL);
INSERT INTO `objects` VALUES (31, 'Site Information', 'site-information', '[{\"title\":\"Logo\",\"object_types_id\":\"4\",\"field_options\":[\"required\"],\"single_menu\":null,\"multiple_menu\":null},{\"title\":\"Phone\",\"object_types_id\":\"1\",\"field_options\":null,\"single_menu\":null,\"multiple_menu\":null},{\"title\":\"E_mail\",\"object_types_id\":\"1\",\"field_options\":null,\"single_menu\":null,\"multiple_menu\":null},{\"title\":\"Edditional\",\"object_types_id\":\"1\",\"field_options\":null,\"single_menu\":null,\"multiple_menu\":null},{\"title\":\"Button name\",\"object_types_id\":\"1\",\"field_options\":null,\"single_menu\":null,\"multiple_menu\":null},{\"title\":\"Button URL\",\"object_types_id\":\"1\",\"field_options\":null,\"single_menu\":null,\"multiple_menu\":null}]', 1, 1, 0, '2023-03-17 13:46:51', '2023-03-17 13:46:51', NULL);
INSERT INTO `objects` VALUES (32, 'main slider', 'main-slider', '[{\"title\":\"Upload image\",\"object_types_id\":\"4\",\"field_options\":null,\"single_menu\":null,\"multiple_menu\":null},{\"title\":\"Title 1\",\"object_types_id\":\"1\",\"field_options\":null,\"single_menu\":null,\"multiple_menu\":null},{\"title\":\"Title 2\",\"object_types_id\":\"1\",\"field_options\":null,\"single_menu\":null,\"multiple_menu\":null},{\"title\":\"Title 3\",\"object_types_id\":\"1\",\"field_options\":null,\"single_menu\":null,\"multiple_menu\":null},{\"title\":\"Btn 1 title\",\"object_types_id\":\"1\",\"field_options\":null,\"single_menu\":null,\"multiple_menu\":null},{\"title\":\"Btn 1 url\",\"object_types_id\":\"1\",\"field_options\":null,\"single_menu\":null,\"multiple_menu\":null},{\"title\":\"Btn 2 title\",\"object_types_id\":\"1\",\"field_options\":null,\"single_menu\":null,\"multiple_menu\":null},{\"title\":\"Btn 2 url\",\"object_types_id\":\"1\",\"field_options\":null,\"single_menu\":null,\"multiple_menu\":null},{\"title\":\"Position\",\"object_types_id\":\"5\",\"field_options\":null,\"single_menu\":\"8\",\"multiple_menu\":null}]', 5, 1, 0, '2023-03-17 15:03:42', '2023-03-17 15:03:43', NULL);
INSERT INTO `objects` VALUES (33, 'block with text', 'block-with-text', '[{\"title\":\"Text\",\"object_types_id\":\"3\",\"field_options\":null,\"single_menu\":null,\"multiple_menu\":null},{\"title\":\"Button Title\",\"object_types_id\":\"1\",\"field_options\":[],\"single_menu\":null,\"multiple_menu\":[]},{\"title\":\"Button url\",\"object_types_id\":\"1\",\"field_options\":[],\"single_menu\":null,\"multiple_menu\":[]},{\"title\":\"Button color\",\"object_types_id\":\"7\",\"field_options\":[],\"single_menu\":null,\"multiple_menu\":[]}]', 7, 1, 0, '2023-03-17 16:03:03', '2023-03-17 16:07:26', NULL);
INSERT INTO `objects` VALUES (34, 'input and text', 'input-and-text', '[{\"title\":\"Title\",\"object_types_id\":\"1\",\"field_options\":[\"required\"],\"single_menu\":null,\"multiple_menu\":[]},{\"title\":\"Textarea\",\"object_types_id\":\"2\",\"field_options\":[],\"single_menu\":null,\"multiple_menu\":[]},{\"title\":\"Rich text editor\",\"object_types_id\":\"3\",\"field_options\":[],\"single_menu\":null,\"multiple_menu\":[]}]', 3, 1, 0, '2023-03-18 08:57:20', '2023-03-18 09:01:10', NULL);
INSERT INTO `objects` VALUES (35, 'with 2 input | 2 textarea | 2 rich text editor | 2 image single and multiple upload', 'with-2-input-2-textarea-2-rich-text-editor-2-image-single-and-multiple-upload', '[{\"title\":\"Title 1\",\"object_types_id\":\"1\",\"field_options\":[\"required\"],\"single_menu\":null,\"multiple_menu\":null},{\"title\":\"Title 2\",\"object_types_id\":\"1\",\"field_options\":null,\"single_menu\":null,\"multiple_menu\":null},{\"title\":\"Textarea 1\",\"object_types_id\":\"2\",\"field_options\":null,\"single_menu\":null,\"multiple_menu\":null},{\"title\":\"Textarea 2\",\"object_types_id\":\"2\",\"field_options\":null,\"single_menu\":null,\"multiple_menu\":null},{\"title\":\"Rich text editor 1\",\"object_types_id\":\"3\",\"field_options\":null,\"single_menu\":null,\"multiple_menu\":null},{\"title\":\"Rich text editor 2\",\"object_types_id\":\"3\",\"field_options\":null,\"single_menu\":null,\"multiple_menu\":null},{\"title\":\"Image upload 1\",\"object_types_id\":\"4\",\"field_options\":null,\"single_menu\":null,\"multiple_menu\":null},{\"title\":\"Image upload 2\",\"object_types_id\":\"4\",\"field_options\":[\"multiple\"],\"single_menu\":null,\"multiple_menu\":null}]', 4, 1, 0, '2023-03-18 09:31:11', '2023-03-18 09:31:11', NULL);
INSERT INTO `objects` VALUES (36, 'input|text|image', 'inputtextimage', '[{\"title\":\"Title\",\"object_types_id\":\"1\",\"field_options\":[\"required\"],\"single_menu\":null,\"multiple_menu\":null},{\"title\":\"Text\",\"object_types_id\":\"2\",\"field_options\":null,\"single_menu\":null,\"multiple_menu\":null},{\"title\":\"Upload image single\",\"object_types_id\":\"4\",\"field_options\":null,\"single_menu\":null,\"multiple_menu\":null}]', 4, 1, 0, '2023-03-18 11:17:57', '2023-03-18 11:17:57', NULL);
INSERT INTO `objects` VALUES (37, 'input|textarea|image|url', 'inputtextareaimageurl', '[{\"title\":\"Title\",\"object_types_id\":\"1\",\"field_options\":null,\"single_menu\":null,\"multiple_menu\":null},{\"title\":\"Text\",\"object_types_id\":\"2\",\"field_options\":null,\"single_menu\":null,\"multiple_menu\":null},{\"title\":\"Image upload\",\"object_types_id\":\"4\",\"field_options\":null,\"single_menu\":null,\"multiple_menu\":null},{\"title\":\"Url\",\"object_types_id\":\"1\",\"field_options\":null,\"single_menu\":null,\"multiple_menu\":null}]', 1, 1, 0, '2023-03-18 15:12:53', '2023-03-18 15:12:53', NULL);
INSERT INTO `objects` VALUES (39, 'menu1', 'menu1', '[{\"title\":\"Menu\",\"object_types_id\":\"6\",\"field_options\":[\"required\"],\"single_menu\":null,\"multiple_menu\":[\"9\"]}]', 6, 1, 0, '2023-03-19 11:32:10', '2023-03-19 11:40:07', NULL);
INSERT INTO `objects` VALUES (40, 'Folder', 'folder', '[{\"title\":\"Title\",\"object_types_id\":\"1\",\"field_options\":[\"required\"],\"single_menu\":null,\"multiple_menu\":null}]', 1, 1, 0, '2023-03-20 09:28:20', '2023-03-20 09:28:20', NULL);
INSERT INTO `objects` VALUES (41, 'input|textarea|rich text editor|single image upload', 'inputtextarearich-text-editorsingle-image-upload', '[{\"title\":\"Title\",\"object_types_id\":\"1\",\"field_options\":[\"required\"],\"single_menu\":null,\"multiple_menu\":null},{\"title\":\"Textarea\",\"object_types_id\":\"2\",\"field_options\":null,\"single_menu\":null,\"multiple_menu\":null},{\"title\":\"Full text\",\"object_types_id\":\"3\",\"field_options\":null,\"single_menu\":null,\"multiple_menu\":null},{\"title\":\"Image upload\",\"object_types_id\":\"4\",\"field_options\":null,\"single_menu\":null,\"multiple_menu\":null}]', 4, 1, 0, '2023-03-20 09:31:10', '2023-03-20 09:31:10', NULL);
INSERT INTO `objects` VALUES (42, 'input|Multiple Images', 'inputmultiple-images', '[{\"title\":\"Title\",\"object_types_id\":\"1\",\"field_options\":[\"required\"],\"single_menu\":null,\"multiple_menu\":null},{\"title\":\"Gallery\",\"object_types_id\":\"4\",\"field_options\":[\"multiple\"],\"single_menu\":null,\"multiple_menu\":null}]', 4, 1, 0, '2023-03-20 09:35:57', '2023-03-20 09:35:57', NULL);
INSERT INTO `objects` VALUES (43, 'Url', 'url', '[{\"title\":\"Url\",\"object_types_id\":\"1\",\"field_options\":[],\"single_menu\":null,\"multiple_menu\":[]}]', 1, 1, 0, '2023-03-20 09:39:19', '2023-03-20 09:40:19', NULL);
INSERT INTO `objects` VALUES (44, 'Datepicker', 'datepicker', '[{\"title\":\"Date\",\"object_types_id\":\"9\",\"field_options\":null,\"single_menu\":null,\"multiple_menu\":null}]', 9, 1, 0, '2023-03-20 10:01:40', '2023-03-20 10:01:40', NULL);
INSERT INTO `objects` VALUES (45, 'input|textarea|reach text editor|multiple images', 'inputtextareareach-text-editormultiple-images', '[{\"title\":\"Title\",\"object_types_id\":\"1\",\"field_options\":[\"required\"],\"single_menu\":null,\"multiple_menu\":null},{\"title\":\"text\",\"object_types_id\":\"2\",\"field_options\":null,\"single_menu\":null,\"multiple_menu\":null},{\"title\":\"Full text\",\"object_types_id\":\"3\",\"field_options\":null,\"single_menu\":null,\"multiple_menu\":null},{\"title\":\"Gallery\",\"object_types_id\":\"4\",\"field_options\":[\"multiple\"],\"single_menu\":null,\"multiple_menu\":null}]', 4, 1, 0, '2023-03-21 13:33:53', '2023-03-21 13:33:53', NULL);
INSERT INTO `objects` VALUES (46, 'input|textarea|rich text editor|image', 'inputtextarearich-text-editorimage', '[{\"title\":\"Title\",\"object_types_id\":\"1\",\"field_options\":[\"required\"],\"single_menu\":null,\"multiple_menu\":null},{\"title\":\"Text\",\"object_types_id\":\"2\",\"field_options\":null,\"single_menu\":null,\"multiple_menu\":null},{\"title\":\"Full text\",\"object_types_id\":\"3\",\"field_options\":null,\"single_menu\":null,\"multiple_menu\":null},{\"title\":\"Gallery\",\"object_types_id\":\"4\",\"field_options\":[\"multiple\"],\"single_menu\":null,\"multiple_menu\":null}]', 4, 1, 0, '2023-03-22 09:26:20', '2023-03-22 09:26:20', NULL);
INSERT INTO `objects` VALUES (47, 'market object', 'market-object', '[{\"title\":\"Title\",\"object_types_id\":\"1\",\"field_options\":[\"required\"],\"single_menu\":null,\"multiple_menu\":null},{\"title\":\"agwera\",\"object_types_id\":\"3\",\"field_options\":null,\"single_menu\":null,\"multiple_menu\":null},{\"title\":\"fasi\",\"object_types_id\":\"1\",\"field_options\":null,\"single_menu\":null,\"multiple_menu\":null},{\"title\":\"Gallery\",\"object_types_id\":\"4\",\"field_options\":[\"multiple\"],\"single_menu\":null,\"multiple_menu\":null}]', 4, 1, 0, '2023-03-22 17:44:16', '2023-03-22 17:44:16', NULL);

-- ----------------------------
-- Table structure for password_reset_tokens
-- ----------------------------
DROP TABLE IF EXISTS `password_reset_tokens`;
CREATE TABLE `password_reset_tokens`  (
  `email` varchar(255) CHARACTER SET utf8mb4 COLLATE utf8mb4_unicode_ci NOT NULL,
  `token` varchar(255) CHARACTER SET utf8mb4 COLLATE utf8mb4_unicode_ci NOT NULL,
  `created_at` timestamp(0) NULL DEFAULT NULL,
  PRIMARY KEY (`email`) USING BTREE
) ENGINE = InnoDB CHARACTER SET = utf8mb4 COLLATE = utf8mb4_unicode_ci ROW_FORMAT = Dynamic;

-- ----------------------------
-- Records of password_reset_tokens
-- ----------------------------

-- ----------------------------
-- Table structure for personal_access_tokens
-- ----------------------------
DROP TABLE IF EXISTS `personal_access_tokens`;
CREATE TABLE `personal_access_tokens`  (
  `id` bigint(20) UNSIGNED NOT NULL AUTO_INCREMENT,
  `tokenable_type` varchar(255) CHARACTER SET utf8mb4 COLLATE utf8mb4_unicode_ci NOT NULL,
  `tokenable_id` bigint(20) UNSIGNED NOT NULL,
  `name` varchar(255) CHARACTER SET utf8mb4 COLLATE utf8mb4_unicode_ci NOT NULL,
  `token` varchar(64) CHARACTER SET utf8mb4 COLLATE utf8mb4_unicode_ci NOT NULL,
  `abilities` text CHARACTER SET utf8mb4 COLLATE utf8mb4_unicode_ci NULL,
  `last_used_at` timestamp(0) NULL DEFAULT NULL,
  `expires_at` timestamp(0) NULL DEFAULT NULL,
  `created_at` timestamp(0) NULL DEFAULT NULL,
  `updated_at` timestamp(0) NULL DEFAULT NULL,
  PRIMARY KEY (`id`) USING BTREE,
  UNIQUE INDEX `personal_access_tokens_token_unique`(`token`) USING BTREE,
  INDEX `personal_access_tokens_tokenable_type_tokenable_id_index`(`tokenable_type`, `tokenable_id`) USING BTREE
) ENGINE = InnoDB AUTO_INCREMENT = 1 CHARACTER SET = utf8mb4 COLLATE = utf8mb4_unicode_ci ROW_FORMAT = Dynamic;

-- ----------------------------
-- Records of personal_access_tokens
-- ----------------------------

-- ----------------------------
-- Table structure for relation_views
-- ----------------------------
DROP TABLE IF EXISTS `relation_views`;
CREATE TABLE `relation_views`  (
  `id` bigint(20) UNSIGNED NOT NULL AUTO_INCREMENT,
  `name` varchar(255) CHARACTER SET utf8mb4 COLLATE utf8mb4_unicode_ci NOT NULL,
  `slug` varchar(255) CHARACTER SET utf8mb4 COLLATE utf8mb4_unicode_ci NOT NULL,
  `created_at` timestamp(0) NULL DEFAULT NULL,
  `updated_at` timestamp(0) NULL DEFAULT NULL,
  PRIMARY KEY (`id`) USING BTREE,
  UNIQUE INDEX `relation_views_slug_unique`(`slug`) USING BTREE
) ENGINE = InnoDB AUTO_INCREMENT = 5 CHARACTER SET = utf8mb4 COLLATE = utf8mb4_unicode_ci ROW_FORMAT = Dynamic;

-- ----------------------------
-- Records of relation_views
-- ----------------------------
INSERT INTO `relation_views` VALUES (2, 'Services', 'services', '2023-03-22 14:28:57', '2023-03-22 14:28:57');
INSERT INTO `relation_views` VALUES (3, 'PROFESSIONAL TEAM', 'professional-team', '2023-03-29 09:43:44', '2023-03-29 09:43:44');
INSERT INTO `relation_views` VALUES (4, 'contact page relation', 'contact-page-relation', '2023-04-10 15:01:44', '2023-04-10 15:01:44');

-- ----------------------------
-- Table structure for sidebar_widget
-- ----------------------------
DROP TABLE IF EXISTS `sidebar_widget`;
CREATE TABLE `sidebar_widget`  (
  `id` bigint(20) UNSIGNED NOT NULL AUTO_INCREMENT,
  `sidebar_id` bigint(20) UNSIGNED NOT NULL,
  `widget_id` bigint(20) UNSIGNED NOT NULL,
  `created_at` timestamp(0) NULL DEFAULT NULL,
  `updated_at` timestamp(0) NULL DEFAULT NULL,
  PRIMARY KEY (`id`) USING BTREE,
  INDEX `widget_sidebar_sidebar_id_foreign`(`sidebar_id`) USING BTREE,
  INDEX `widget_sidebar_widget_id_foreign`(`widget_id`) USING BTREE,
  CONSTRAINT `widget_sidebar_sidebar_id_foreign` FOREIGN KEY (`sidebar_id`) REFERENCES `sidebars` (`id`) ON DELETE CASCADE ON UPDATE CASCADE,
  CONSTRAINT `widget_sidebar_widget_id_foreign` FOREIGN KEY (`widget_id`) REFERENCES `widgets` (`id`) ON DELETE CASCADE ON UPDATE CASCADE
) ENGINE = InnoDB AUTO_INCREMENT = 18 CHARACTER SET = utf8mb4 COLLATE = utf8mb4_unicode_ci ROW_FORMAT = Dynamic;

-- ----------------------------
-- Records of sidebar_widget
-- ----------------------------
INSERT INTO `sidebar_widget` VALUES (4, 2, 1, NULL, NULL);
INSERT INTO `sidebar_widget` VALUES (11, 1, 1, NULL, NULL);
INSERT INTO `sidebar_widget` VALUES (12, 3, 1, NULL, NULL);
INSERT INTO `sidebar_widget` VALUES (14, 1, 2, NULL, NULL);
INSERT INTO `sidebar_widget` VALUES (15, 3, 2, NULL, NULL);
INSERT INTO `sidebar_widget` VALUES (16, 2, 4, NULL, NULL);
INSERT INTO `sidebar_widget` VALUES (17, 2, 2, NULL, NULL);

-- ----------------------------
-- Table structure for sidebars
-- ----------------------------
DROP TABLE IF EXISTS `sidebars`;
CREATE TABLE `sidebars`  (
  `id` bigint(20) UNSIGNED NOT NULL AUTO_INCREMENT,
  `name` varchar(255) CHARACTER SET utf8mb4 COLLATE utf8mb4_unicode_ci NOT NULL,
  `key` varchar(255) CHARACTER SET utf8mb4 COLLATE utf8mb4_unicode_ci NOT NULL,
  `sort` tinyint(1) NOT NULL DEFAULT 0,
  `created_at` timestamp(0) NULL DEFAULT NULL,
  `updated_at` timestamp(0) NULL DEFAULT NULL,
  PRIMARY KEY (`id`) USING BTREE,
  UNIQUE INDEX `sidebars_key_unique`(`key`) USING BTREE
) ENGINE = InnoDB AUTO_INCREMENT = 4 CHARACTER SET = utf8mb4 COLLATE = utf8mb4_unicode_ci ROW_FORMAT = Dynamic;

-- ----------------------------
-- Records of sidebars
-- ----------------------------
INSERT INTO `sidebars` VALUES (1, 'Project sidebar right', 'project-sidebar-right', 0, '2023-03-29 13:00:18', '2023-03-29 13:32:11');
INSERT INTO `sidebars` VALUES (2, 'Main', 'main', 0, '2023-03-29 13:00:37', '2023-03-31 13:05:23');
INSERT INTO `sidebars` VALUES (3, 'Project sidebar left', 'project-sidebar-left', 0, '2023-03-29 13:33:33', '2023-03-29 13:33:33');

-- ----------------------------
-- Table structure for templates
-- ----------------------------
DROP TABLE IF EXISTS `templates`;
CREATE TABLE `templates`  (
  `id` int(10) UNSIGNED NOT NULL AUTO_INCREMENT,
  `name` varchar(255) CHARACTER SET utf8mb4 COLLATE utf8mb4_general_ci NULL DEFAULT NULL,
  `slug` varchar(255) CHARACTER SET utf8mb4 COLLATE utf8mb4_general_ci NULL DEFAULT NULL,
  `created_at` datetime(0) NULL DEFAULT NULL,
  `updated_at` datetime(0) NULL DEFAULT NULL,
  PRIMARY KEY (`id`) USING BTREE
) ENGINE = InnoDB AUTO_INCREMENT = 13 CHARACTER SET = utf8mb4 COLLATE = utf8mb4_general_ci ROW_FORMAT = Dynamic;

-- ----------------------------
-- Records of templates
-- ----------------------------
INSERT INTO `templates` VALUES (1, 'View', 'view', '2023-03-20 20:25:05', '2023-03-20 20:25:07');
INSERT INTO `templates` VALUES (6, 'Services', 'services', '2023-03-21 13:59:24', '2023-03-21 13:59:24');
INSERT INTO `templates` VALUES (7, 'products', 'products', '2023-03-22 17:46:27', '2023-03-22 17:46:27');
INSERT INTO `templates` VALUES (8, 'About us', 'about-us', '2023-03-25 09:17:24', '2023-03-25 09:17:24');
INSERT INTO `templates` VALUES (10, 'PROFESSIONAL TEAM VIEW', 'professional-team-view', '2023-03-29 09:45:24', '2023-03-29 09:45:24');
INSERT INTO `templates` VALUES (11, 'test', 'test', '2023-03-30 13:48:30', '2023-03-30 13:48:30');
INSERT INTO `templates` VALUES (12, 'Contact', 'contact', '2023-04-06 12:23:52', '2023-04-06 12:23:52');

-- ----------------------------
-- Table structure for testings
-- ----------------------------
DROP TABLE IF EXISTS `testings`;
CREATE TABLE `testings`  (
  `id` int(10) UNSIGNED NOT NULL AUTO_INCREMENT,
  `name` varchar(255) CHARACTER SET utf8mb4 COLLATE utf8mb4_general_ci NULL DEFAULT NULL,
  `created_at` datetime(0) NULL DEFAULT NULL,
  `updated_at` datetime(0) NULL DEFAULT NULL,
  `attachment` longtext CHARACTER SET utf8mb4 COLLATE utf8mb4_general_ci NULL,
  PRIMARY KEY (`id`) USING BTREE
) ENGINE = InnoDB AUTO_INCREMENT = 3 CHARACTER SET = utf8mb4 COLLATE = utf8mb4_general_ci ROW_FORMAT = Dynamic;

-- ----------------------------
-- Records of testings
-- ----------------------------
INSERT INTO `testings` VALUES (2, 'hfghfhf', '2023-03-08 12:32:32', '2023-03-08 12:57:41', '[\"kfSikjs4I4XKD8ufmjgX2hrFWgliyh-metaZGVza3RvcC0xOTIweDEwODAuanBn-.jpg\",\"lkVIIHJHbJHDZyBnI48cSrFoi6aXIK-metaMjE0MjcxLmpwZWc=-.jpg\"]');

-- ----------------------------
-- Table structure for tests
-- ----------------------------
DROP TABLE IF EXISTS `tests`;
CREATE TABLE `tests`  (
  `id` bigint(20) UNSIGNED NOT NULL AUTO_INCREMENT,
  `name` varchar(255) CHARACTER SET utf8mb4 COLLATE utf8mb4_unicode_ci NOT NULL,
  `slug` varchar(255) CHARACTER SET utf8mb4 COLLATE utf8mb4_unicode_ci NULL DEFAULT NULL,
  `created_at` timestamp(0) NULL DEFAULT NULL,
  `updated_at` timestamp(0) NULL DEFAULT NULL,
  `attachment` longtext CHARACTER SET utf8mb4 COLLATE utf8mb4_unicode_ci NULL,
  PRIMARY KEY (`id`) USING BTREE
) ENGINE = InnoDB AUTO_INCREMENT = 11 CHARACTER SET = utf8mb4 COLLATE = utf8mb4_unicode_ci ROW_FORMAT = Dynamic;

-- ----------------------------
-- Records of tests
-- ----------------------------
INSERT INTO `tests` VALUES (8, 'Home page!', 'home-page', '2023-03-02 15:32:53', '2023-03-02 15:32:53', NULL);
INSERT INTO `tests` VALUES (9, 'Home page!', 'home-page', '2023-03-02 15:34:39', '2023-03-02 15:34:39', NULL);
INSERT INTO `tests` VALUES (10, 'jgjg', 'jgjg', '2023-03-06 10:34:11', '2023-03-06 10:34:11', NULL);

-- ----------------------------
-- Table structure for users
-- ----------------------------
DROP TABLE IF EXISTS `users`;
CREATE TABLE `users`  (
  `id` bigint(20) UNSIGNED NOT NULL AUTO_INCREMENT,
  `name` varchar(255) CHARACTER SET utf8mb4 COLLATE utf8mb4_unicode_ci NOT NULL,
  `email` varchar(255) CHARACTER SET utf8mb4 COLLATE utf8mb4_unicode_ci NOT NULL,
  `email_verified_at` timestamp(0) NULL DEFAULT NULL,
  `password` varchar(255) CHARACTER SET utf8mb4 COLLATE utf8mb4_unicode_ci NOT NULL,
  `remember_token` varchar(100) CHARACTER SET utf8mb4 COLLATE utf8mb4_unicode_ci NULL DEFAULT NULL,
  `created_at` timestamp(0) NULL DEFAULT NULL,
  `updated_at` timestamp(0) NULL DEFAULT NULL,
  PRIMARY KEY (`id`) USING BTREE,
  UNIQUE INDEX `users_email_unique`(`email`) USING BTREE
) ENGINE = InnoDB AUTO_INCREMENT = 2 CHARACTER SET = utf8mb4 COLLATE = utf8mb4_unicode_ci ROW_FORMAT = Dynamic;

-- ----------------------------
-- Records of users
-- ----------------------------
INSERT INTO `users` VALUES (1, 'admin', 'admin@admin.com', NULL, '$2y$10$rugZlFolLhBxXtA4PfkH4.XIyoa8AiSJ87dXEbI6viqHAVHgX/pIS', NULL, '2023-02-22 12:59:17', '2023-02-22 12:59:17');

-- ----------------------------
-- Table structure for widgets
-- ----------------------------
DROP TABLE IF EXISTS `widgets`;
CREATE TABLE `widgets`  (
  `id` bigint(20) UNSIGNED NOT NULL AUTO_INCREMENT,
  `name` varchar(255) CHARACTER SET utf8mb4 COLLATE utf8mb4_unicode_ci NOT NULL,
  `key` varchar(255) CHARACTER SET utf8mb4 COLLATE utf8mb4_unicode_ci NOT NULL,
  `sort` tinyint(1) NOT NULL DEFAULT 0,
  `created_at` timestamp(0) NULL DEFAULT NULL,
  `updated_at` timestamp(0) NULL DEFAULT NULL,
  PRIMARY KEY (`id`) USING BTREE,
  UNIQUE INDEX `widgets_key_unique`(`key`) USING BTREE
) ENGINE = InnoDB AUTO_INCREMENT = 5 CHARACTER SET = utf8mb4 COLLATE = utf8mb4_unicode_ci ROW_FORMAT = Dynamic;

-- ----------------------------
-- Records of widgets
-- ----------------------------
INSERT INTO `widgets` VALUES (1, 'Recent Posts', 'recent-posts', 0, '2023-03-29 14:07:09', '2023-03-29 16:07:06');
INSERT INTO `widgets` VALUES (2, 'ARCHIVES', 'archives', 0, '2023-03-29 14:07:25', '2023-03-29 14:07:25');
INSERT INTO `widgets` VALUES (3, 'TAGS', 'tags', 0, '2023-03-29 14:48:03', '2023-03-29 14:48:03');
INSERT INTO `widgets` VALUES (4, 'Archive with calendar', 'archive-with-calendar', 0, '2023-04-03 13:05:01', '2023-04-03 13:05:01');

SET FOREIGN_KEY_CHECKS = 1;
